Company,Job Title,Location,Post Date,Workplace Type,Job Type,Position Type
Keyloop,Junior Data Analyst,Canada,1 week ago,Remote,Full-time,Associate
dotSolved Systems Inc.,Marketing Data Analyst,Canada,18 minutes ago,Remote,,Mid-Senior Level
Snaplii,Data Analyst - Informatics and Systems,"Mississauga, ON",3 months ago,On-site,Full-time,Entry Level
Ratehub.ca,Data Analyst,"Toronto, ON",4 days ago,Remote,Full-time,Mid-Senior Level
Recruiting in Motion,Data Analyst (Remote),"North York, ON",2 weeks ago,Remote,Full-time,Mid-Senior Level
Ericsson,Data Analyst Intern,"Toronto, ON",Reposted 2 weeks ago,,Full-time,Mid-Senior Level
FirstPrinciples,Business Intelligence Analyst,"Toronto, ON",4 months ago,Remote,Full-time,Entry Level
UST,Data Analyst,"Toronto, ON",1 week ago,,Full-time,Entry Level
Circle K,Associate Data Scientist,"Scarborough, ON",Reposted 6 days ago,,Full-time,Entry Level
HelloFresh,Data Analyst,"Toronto, ON",Reposted 5 hours ago,,Full-time,Entry Level
LCBO,Customer Intelligence Analyst (Casual),"Toronto, ON",5 days ago,Hybrid,Part-time,Entry Level
Allstate Canada,Claims Intelligence Data Insights Analyst,"Ontario, Canada",11 hours ago,Remote,Full-time,Entry Level
CIBC,"Consultant, Business Intelligence and Insights","Toronto, ON",1 week ago,,Full-time,Entry Level
Astek,Data Analyst,"Toronto, ON",2 weeks ago,Hybrid,,Associate
Quantum Integrators,Power BI Consultant,Canada,9 minutes ago,Remote,,Mid-Senior Level
Ferrellgas,Business Intelligence Analyst,NAMER,Reposted 2 weeks ago,Remote,Full-time,Entry Level
Sobeys,"Analyst Business Intelligence, Contract","Mississauga, ON",4 days ago,Hybrid,,Entry Level
Emydex Technology,Technical Sales/Business Analyst,"Ontario, Canada",3 weeks ago,Remote,Full-time,Mid-Senior Level
Circle K,Data Scientist (Global Data and Analytics),"Scarborough, ON",Reposted 6 days ago,,Full-time,Entry Level
Greenstone Financial Services Canada,"Data Analyst, Workforce Management","North York, ON",3 weeks ago,Hybrid,Full-time,Mid-Senior Level
Prodigy Education,Game Data Analyst,"Greater Toronto Area, Canada",Reposted 1 week ago,Hybrid,Full-time,Entry Level
"Scribd, Inc.","Data Analyst, Customer Support",Canada,Reposted 1 week ago,Remote,Full-time,Associate
Organigram Inc,Commercial Data Analyst,"Greater Toronto Area, Canada",2 weeks ago,On-site,Full-time,Associate
PIB (Programmed Insurance Brokers Inc.),Data Analyst,"Elmira, ON",2 weeks ago,Hybrid,Full-time,Associate
Instacart,"Data Analyst, Platform Excellence Ops Analytics",Greater Calgary Metropolitan Area,3 days ago,Remote,Full-time,Entry Level
Keyloop,Junior Data Analyst,Canada,1 week ago,Remote,Full-time,Associate
Celestica,"Student Intern, Data Analyst & Quote Controller","Toronto, ON",Reposted 4 days ago,,,Mid-Senior Level
Amazon,ICQA Data Analyst,"St Thomas, ON",2 weeks ago,,Full-time,Mid-Senior Level
Hootsuite,Strategic Customer Insights Analyst,"Toronto, ON",1 week ago,Hybrid,Full-time,
Strategic Solutions Technology Staffing Inc.,Data Analyst,"Toronto, ON",2 weeks ago,Hybrid,,Mid-Senior Level
Perform,Business Intelligence (BI) Analyst,"Toronto, ON",1 week ago,On-site,,Mid-Senior Level
VHA Home HealthCare,Business Intelligence & Data Analyst - Temporary Full-Time,"Toronto, ON",Reposted 6 hours ago,Hybrid,Full-time,
Chartwell Retirement Residences,Analyst Data Visualization,"Mississauga, ON",2 weeks ago,On-site,Full-time,Mid-Senior Level
BGIS,Data Analyst,"Toronto, ON",Reposted 1 week ago,On-site,Full-time,Entry Level
CPA Ontario,Data Analyst,"Toronto, ON",2 months ago,Hybrid,Full-time,Mid-Senior Level
Four Seasons Hotels and Resorts,"Analyst, Data Science","Toronto, ON",1 week ago,Hybrid,Full-time,Mid-Senior Level
Apex Systems,Business Systems Analyst (Data Management & Analytics),"Toronto, ON",5 days ago,Hybrid,,
UniUni,Data Analyst & BI Specialist,Canada,Reposted 1 week ago,Remote,Full-time,Mid-Senior Level
Unreal Staffing,AI Analyst (The Data Decoder),"Toronto, ON",1 week ago,Remote,Full-time,Mid-Senior Level
BGIS,Business Intelligence Analyst (Future Openings),"Markham, ON",Reposted 2 days ago,On-site,Full-time,Mid-Senior Level
Four Seasons Hotels and Resorts,"Analyst, Data Assets","Toronto, ON",Reposted 4 days ago,Hybrid,Full-time,Mid-Senior Level
Astellas Pharma,Clinical Data Analyst,"Markham, ON",Reposted 4 days ago,Hybrid,Full-time,Mid-Senior Level
"NFP, an Aon company (Canada)",Data Conversion Analyst - Remote,"Mississauga, ON",Reposted 5 days ago,Remote,Full-time,Mid-Senior Level
Stripe,Data Analyst,"Toronto, ON",Reposted 1 week ago,Hybrid,Full-time,Mid-Senior Level
SCHOOL BOARDS' CO-OPERATIVE INC.,Bilingual Data Assistant/ Analyst,"Markham, ON",4 days ago,Hybrid,Full-time,Associate
Affirm,"Analyst I, Growth Analytics","Toronto, ON",1 week ago,Remote,Full-time,Associate
ICUC,Insights Analyst,"Toronto, ON",Reposted 2 weeks ago,Remote,Full-time,Mid-Senior Level
Astek,Data Analyst,"Toronto, ON",1 week ago,Hybrid,,Associate
"NFP, an Aon company (Canada)",Data Conversion Analyst - Remote,"Collingwood, ON",Reposted 5 days ago,Remote,Full-time,Mid-Senior Level
Visa,"Visa Consulting Analytics (VCA) Analyst, New College Grad – 2025","Toronto, ON",2 weeks ago,,Full-time,Mid-Senior Level
TD,Business Insights Analyst,"Toronto, ON",3 weeks ago,Hybrid,Full-time,Entry Level
Neighbourly Pharmacy,Data Process Analyst,"Toronto, ON",Reposted 1 month ago,Remote,Full-time,Entry Level
WSP in Canada,"HR Analyst, Reporting & Analytics","Ontario, Canada",Reposted 3 days ago,Hybrid,,
Loblaw Companies Limited,"Senior Analyst, Analytics & Customer Insights (1 Year Contract)","Brampton, ON",2 weeks ago,,Full-time,Mid-Senior Level
TELUS Digital,Online Data Analyst,"Greenstone, ON",1 week ago,Remote,,Entry Level
TELUS Digital,Online Data Analyst,"Cornwall, ON",1 week ago,Remote,,Entry Level
Affirm,"Analyst I, Growth Analytics","Hamilton, ON",Reposted 2 weeks ago,Remote,Full-time,Associate
Affirm,"Analyst I, Growth Analytics","Oshawa, ON",Reposted 2 weeks ago,Remote,Full-time,Associate
TELUS Digital,Online Data Analyst,"Ottawa, ON",1 week ago,Remote,,Entry Level
Cineplex,Data Insights Analyst,"Toronto, ON",Reposted 2 months ago,Hybrid,Full-time,
TELUS Digital,Online Data Analyst,"Lakeshore, ON",1 week ago,Remote,,Entry Level
Amica Senior Lifestyles,"Data Science Specialist, Research and Analytics - 6 Month Contract","Toronto, ON",2 weeks ago,On-site,,Mid-Senior Level
Stripe,Data Analyst,Canada,Reposted 1 week ago,Remote,Full-time,Mid-Senior Level
Cohere,Data Annotator - Science,"Toronto, ON",2 weeks ago,Remote,Part-time,
"Connor, Clark & Lunn Financial Group (CC&L)","Data Analyst, Investment Data Management","Toronto, ON",Reposted 1 week ago,Hybrid,Full-time,Entry Level
Amazon,ICQA Data Analyst,"Acheson, AB",1 week ago,,Full-time,Mid-Senior Level
The Home Depot Canada,Senior Insight Analyst,"Toronto, ON",4 days ago,On-site,Full-time,Mid-Senior Level
Clarivate,Healthcare Research Data Analyst- Medtech Insights,"Toronto, ON",2 weeks ago,Hybrid,Full-time,Entry Level
"NFP, an Aon company (Canada)",Data Conversion Analyst - Remote,"Orangeville, ON",Reposted 5 days ago,Remote,Full-time,Mid-Senior Level
Services SFT,Data Analyst,"Saint-Laurent, MB",6 days ago,Hybrid,Full-time,Entry Level
"Blake, Cassels & Graydon LLP","Analyst, Business Intelligence","Toronto, ON",1 week ago,Hybrid,Full-time,Mid-Senior Level
Catalent Pharma Solutions,Analytical Analyst,"Strathroy, ON",Reposted 1 week ago,,Full-time,Entry Level
ICES,Research Analyst,"Toronto, ON",Reposted 2 weeks ago,Hybrid,Full-time,Entry Level
goeasy Ltd.,Data Analyst,"Mississauga, ON",Reposted 1 week ago,Hybrid,Full-time,Mid-Senior Level
McKesson,Data Science Intern - Winter 2025,"Edmonton, AB",6 days ago,,Full-time,Mid-Senior Level
O2E Brands,Data Analyst,"North York, ON",2 months ago,Hybrid,Full-time,Entry Level
Paralucent,Marketing Data Analyst (PL618),"Ontario, Canada",2 months ago,Hybrid,Full-time,Mid-Senior Level
Clipboard Health,Sales Data Analyst,NAMER,Reposted 3 weeks ago,Remote,Full-time,Entry Level
City of Brampton,Assistant Asset Management Data Analyst – Co-op,"Brampton, ON",1 week ago,Hybrid,,Mid-Senior Level
Siemens,Data Analyst - co-op - Winter 2025,"Concord, ON",Reposted 1 week ago,On-site,Full-time,Mid-Senior Level
TELUS Digital,Online Data Analyst,"North Bay, ON",1 week ago,Remote,,Entry Level
TELUS Digital,Online Data Analyst,"Hawkesbury, ON",1 week ago,Remote,,Entry Level
Affirm,"Analyst I, Growth Analytics","Kitchener, ON",Reposted 2 weeks ago,Remote,Full-time,Associate
Cogeco Connexion,Digital Data Analyst,"Burlington, ON",3 days ago,Hybrid,Full-time,Mid-Senior Level
Transamerica,"Data Analyst, Agent Insurance Supervision","Toronto, ON",5 days ago,Hybrid,Full-time,Entry Level
Darkhorse Analytics,Data Visualization Analyst,"Edmonton, AB",2 weeks ago,Hybrid,Full-time,Entry Level
Citi,IT Business Data Analyst,"Mississauga, ON",Reposted 3 days ago,Hybrid,Full-time,Mid-Senior Level
Affirm,"Analyst I, Growth Analytics","Ottawa, ON",Reposted 2 weeks ago,Remote,Full-time,Associate
OpenText,"Analyst-Workplace Solutions, Space Management(AutoCAD\ Power BI)","Mississauga, ON",Reposted 1 week ago,On-site,Full-time,Mid-Senior Level
407 ETR,Sr. Data Analyst,"Woodbridge, ON",Reposted 6 days ago,On-site,Full-time,Mid-Senior Level
York Region (The Regional Municipality of York),Statistical Data Analyst,"Newmarket, ON",1 month ago,On-site,Full-time,Entry Level
TELUS Digital AI Data Solutions,Online Data Analyst,"Ontario, Canada",2 weeks ago,Remote,Part-time,Entry Level
TELUS Digital,Online Data Analyst,"Welland, ON",1 week ago,Remote,,Entry Level
JLL,Operational Data Analyst,"Toronto, ON",3 days ago,Remote,Full-time,Associate
TELUS Digital,Online Data Analyst,"Russell, ON",1 week ago,Remote,,Entry Level
Southlake Regional Health Centre,"Data Analyst- Surgical Program, Thoracic Surgery","Newmarket, ON",2 weeks ago,On-site,Part-time,Entry Level
CAMH,Data Analyst - 988 Crisis Service,"Toronto, ON",1 week ago,On-site,Full-time,Mid-Senior Level
Sobeys,Retail Insights Data Specialist,"Mississauga, ON",1 week ago,Hybrid,Full-time,
Affirm,"Analyst I, Growth Analytics","London, ON",Reposted 2 weeks ago,Remote,Full-time,Associate
Alimentiv,Clinical Data Analyst,"Toronto, ON",Reposted 1 week ago,Remote,Full-time,Mid-Senior Level
Touchstone Institute,Expression of Interest (Data Analytics & Psychometrician Services Required),"Toronto, ON",5 days ago,Remote,Full-time,Entry Level
Canadian Tire Corporation,Forecasting Analyst (Evergreen),"Toronto, ON",7 months ago,Hybrid,Full-time,Entry Level
TELUS Digital AI Data Solutions,Online Data Analyst,"Fort Liard, NT",2 days ago,Remote,Part-time,Entry Level
RBC,Client Intelligence Analytics,"Toronto, ON",1 week ago,,Full-time,Mid-Senior Level
TELUS Digital AI Data Solutions,Online Data Analyst,"Taloyok, NU",2 days ago,Remote,Part-time,Entry Level
TELUS Digital AI Data Solutions,Online Data Analyst,"Ontario, Canada",2 weeks ago,Remote,Part-time,Entry Level
Affirm,"Analyst I, Growth Analytics","Windsor, ON",Reposted 2 weeks ago,Remote,Full-time,Associate
J&M Group,Data Governance Analyst,"Toronto, ON",2 months ago,On-site,,
SiriusXM Canada,"Analyst, Contact Centre Reporting and Analytics","Toronto, ON",4 months ago,On-site,Full-time,Entry Level
LTIMindtree,Data Business System Analyst,Canada,1 week ago,Remote,,
The Home Depot Canada,Senior Insight Analyst,"Toronto, ON",4 days ago,On-site,Full-time,Mid-Senior Level
Shoppers Drug Mart,"Senior Analyst, Pricing Analytics (12 Month Contract)","Toronto, ON",1 week ago,,Full-time,Mid-Senior Level
Flashpoint,Intelligence Analyst II,Canada,3 weeks ago,Remote,Full-time,Associate
DataAnnotation,Data Analyst,Canada,Reposted 1 week ago,Remote,,Mid-Senior Level
Nestlé Nespresso SA,IT Business Intelligence Intern,"Montreal, QC",6 hours ago,Hybrid,,Associate
TELUS Digital,Online Data Analyst,"Clarence-Rockland, ON",1 week ago,Remote,,Entry Level
Definity,"Data Scientist, Finance Transformation","Waterloo, ON",Reposted 4 days ago,Hybrid,Full-time,
HelloFresh,Staff Data Analyst,"Toronto, ON",Reposted 2 weeks ago,,Full-time,Mid-Senior Level
The Salvation Army in Canada,"Data Analyst, Salesforce","Toronto, ON",3 weeks ago,Remote,Full-time,Mid-Senior Level
Watson Building Supplies a GMS Company,Data Analyst,"Vaughan, ON",20 hours ago,Hybrid,Full-time,Entry Level
Campus4Tech,Are You An Account Executive Looking To Transition Your Career To Become Data Analyst,Canada,4 days ago,Remote,Full-time,Associate
"PENN Entertainment, Inc","Data Analyst, Marketing","Toronto, ON",1 week ago,Hybrid,Full-time,
Cision,Media Intelligence Analyst,"Ottawa, ON",2 weeks ago,Remote,Full-time,Entry Level
TELUS Digital AI Data Solutions,Online Data Analyst,Canada,2 days ago,Remote,Part-time,Entry Level
New Flyer,Connect Data Analyst,"Winnipeg, MB",3 weeks ago,On-site,Full-time,Associate
RideCo On-Demand Transit,Business Data Analyst,"Waterloo, ON",2 weeks ago,Hybrid,Full-time,
Trillium Health Partners,Performance Analytics Advisor,"Mississauga, ON",18 hours ago,Hybrid,Full-time,Entry Level
TELUS Digital AI Data Solutions,Online Data Analyst,"Dieppe, NB",2 days ago,Remote,Part-time,Entry Level
Cognizant,Data Analytics Specialist,"Brampton, ON",18 hours ago,On-site,Full-time,Entry Level
TELUS Digital AI Data Solutions,Online Data Analyst,"Yarmouth, NS",2 days ago,Remote,Part-time,Entry Level
Global Pharma Tek,Data Analytical Specialist,"Toronto, ON",5 months ago,On-site,,Entry Level
TELUS Digital AI Data Solutions,Online Data Analyst,"Ottawa, ON",2 weeks ago,Remote,Part-time,Entry Level
TELUS Digital AI Data Solutions,Online Data Analyst,"Winnipeg, MB",2 days ago,Remote,Part-time,Entry Level
Seneca Polytechnic,"Senior Analyst, HR Technology and Analytics - 6 month contract","North York, ON",Reposted 2 weeks ago,Hybrid,Full-time,Mid-Senior Level
Coveo,Data Analyst Intern (Finances Team),"Clarke City, QC",1 month ago,On-site,,
Campus4Tech,"As An Public Relation Specialist, Are You Considering Pivoting Your Career To Data Analyst",Canada,6 days ago,Remote,Full-time,Associate
Deloitte,"Open-Source Intelligence Analyst/Senior Associate, Forensic","Toronto, ON",Reposted 2 weeks ago,,Full-time,Mid-Senior Level
UST,Business Analyst - Data extraction,"Toronto, ON",4 days ago,,Full-time,Mid-Senior Level
EXL,"Business Data Analyst, Product","Toronto, ON",3 weeks ago,Hybrid,Full-time,Mid-Senior Level
HOOPP (Healthcare of Ontario Pension Plan),"Analyst, Pension Accounting – Reporting and Analytics (12-month Contract)","Toronto, ON",1 week ago,Hybrid,Full-time,Entry Level
Oeson Learning™,Data Analytics Training & Internship,Canada,4 hours ago,Remote,,
N-able,Customer Insights Analyst,"Ottawa, ON",1 week ago,Hybrid,Full-time,Mid-Senior Level
J.D. Power,Automotive Data Researcher,"London, ON",1 week ago,Remote,Full-time,Entry Level
BCG X,"Data Scientist Intern, Campus, Canada - BCG X","Toronto, ON",1 week ago,,Full-time,
Cititec Talent,"Business Analyst - Compliance, Regulatory & Data","Toronto, ON",Reposted 1 week ago,Hybrid,Full-time,Mid-Senior Level
"J.D. Irving, Limited",Associate Data Analyst - Co-Op Student,"Dieppe, NB",3 days ago,,Full-time,
Peroptyx,Data Analyst (0 Experience Required),"Toronto, ON",4 hours ago,Remote,,Entry Level
Questrade Financial Group,"Analyst, Market & Competitive Intelligence","North York, ON",1 week ago,Hybrid,Full-time,Mid-Senior Level
Riverside Natural Foods Ltd. (Home of MadeGood),SAP Master Data Analyst,"Toronto, ON",1 week ago,On-site,,
"PENN Entertainment, Inc","Data Analyst, Enterprise","Toronto, ON",1 week ago,Hybrid,Full-time,Mid-Senior Level
LotusFlare,Data Analyst,"Toronto, ON",2 weeks ago,On-site,Full-time,
Tata Consultancy Services,Power BI Analyst,"Toronto, ON",4 weeks ago,On-site,Full-time,Mid-Senior Level
TELUS Digital AI Data Solutions,Online Data Analyst,"Dieppe, NB",2 days ago,Remote,Part-time,Entry Level
North York General Hospital,"Analytics Consultant - Business Intelligence, FT (J1024-0201)","Toronto, ON",Reposted 1 week ago,On-site,Full-time,
TELUS Digital AI Data Solutions,Online Data Analyst,"Spruce Grove, AB",2 days ago,Remote,Part-time,Entry Level
TELUS Digital AI Data Solutions,Online Data Analyst,"Corner Brook, NL",2 days ago,Remote,Part-time,Entry Level
Compeer Financial,Intern Data Analytics,"Compeer, AB",Reposted 1 month ago,On-site,,Mid-Senior Level
TELUS Digital AI Data Solutions,Online Data Analyst,"White Rock, BC",5 hours ago,Remote,Part-time,Entry Level
AstraZeneca,Senior Statistician,"Mississauga, ON",Reposted 1 week ago,,Full-time,Associate
OpenText,"Analyst-Workplace Solutions, Space Management(AutoCAD\ Power BI)","Richmond Hill, ON",Reposted 1 week ago,On-site,Full-time,Mid-Senior Level
Motorola Solutions,Marketing and Inside Sales Data Analyst,Canada,5 days ago,Remote,Full-time,Mid-Senior Level
Canadian Nuclear Laboratories,Data Analyst,"Port Hope, ON",4 months ago,Remote,Full-time,
Allstate Canada,Claims Intelligence Senior Insights Analyst,"Markham, ON",Reposted 2 weeks ago,Hybrid,Full-time,Mid-Senior Level
Westlake Pipe & Fittings,Power BI Reporting Specialist - Contract 12 Months,"Woodbridge, ON",Reposted 1 hour ago,On-site,Full-time,Entry Level
IQVIA,"Consultant, Services de conseil et d’analyse / Consultant, Consulting & Analytics Services","Mississauga, ON",Reposted 5 days ago,On-site,Full-time,
Sobeys,"Analyst Business Intelligence, Contract","Edmonton, AB",4 days ago,Hybrid,,Entry Level
OpenText,"Analyst-Workplace Solutions, Space Management(AutoCAD\ Power BI)","Waterloo, ON",Reposted 1 week ago,On-site,Full-time,Mid-Senior Level
Campus4Tech,Are You A Program Administrator Looking To Transition Your Career To Become Data Analyst,Canada,3 days ago,Remote,Full-time,Associate
Beatdapp,Data Analyst and Labeller,"Vancouver, BC",1 day ago,Hybrid,Full-time,Entry Level
HOOPP (Healthcare of Ontario Pension Plan),"Sr. Analyst, Data Science and Analytics Solutions (12–15-month contract)","Toronto, ON",2 weeks ago,Hybrid,Full-time,
Peroptyx,Data Analyst (0 Experience Required),Canada,3 hours ago,Remote,,Entry Level
Sobeys,"Senior Financial Analyst, Sourcing & Analytics","Mississauga, ON",2 weeks ago,Hybrid,Full-time,Mid-Senior Level
HOOPP (Healthcare of Ontario Pension Plan),"Sr. Analyst, Analytics (12-month contract)","Toronto, ON",Reposted 3 days ago,Hybrid,Full-time,Mid-Senior Level
Fengate Asset Management,"Senior Analyst, Data Analytics (18-month Contract)","Oakville, ON",1 week ago,Hybrid,,Associate
Amazech Solutions,Senior Business Intelligence Specialist,"Toronto, ON",3 days ago,Hybrid,,Mid-Senior Level
Staples Canada,Business Services Analyst - Business Insights & Intelligence,"Richmond Hill, ON",2 months ago,Hybrid,Full-time,
University of Notre Dame,Postdoctoral Research Fellow Position: Health Equity Data Lab,"Notre Dame, NB",1 day ago,On-site,Full-time,Mid-Senior Level
Canadian Tire Corporation,"Data Analyst Student, Customer Analytics (4 months) - Winter 2025","Oakville, ON",11 hours ago,Hybrid,Full-time,Mid-Senior Level
"Varsity Tutors, a Nerdy Company",Remote Business Statistics Tutor,"Kitchener, ON",Reposted 5 days ago,Remote,Full-time,Entry Level
TELUS Digital AI Data Solutions,Online Data Analyst,"Ontario, Canada",5 hours ago,Remote,Part-time,Entry Level
TELUS Digital AI Data Solutions,Online Data Analyst,"Manitoba, Canada",2 weeks ago,Remote,Part-time,Entry Level
TELUS Digital AI Data Solutions,Online Data Analyst,"Winkler, MB",5 hours ago,Remote,Part-time,Entry Level
AstraZeneca,Senior Statistician,"Mississauga, ON",Reposted 4 days ago,,Full-time,Associate
Magna International,"Analyst, HR Systems (6-Month Contract)","Aurora, ON",4 days ago,Hybrid,,Mid-Senior Level
Campus4Tech,Are You A Recruiter Looking To Transition Your Career To Become Data Analyst,Canada,6 days ago,Remote,Full-time,Associate
Compunnel Inc.,Information Risk Management Analyst II,"Ontario, Canada",1 hour ago,Remote,,Mid-Senior Level
Colliers,Business Analyst - Data Science and BI,"Toronto, ON",Reposted 2 weeks ago,Hybrid,Full-time,Mid-Senior Level
Condair USA/CA,"Data Analyst, Sales","Ottawa, ON",Reposted 6 days ago,On-site,Full-time,Associate
Aston Carter,Franchise Data Analyst,"Toronto, ON",3 hours ago,Hybrid,,Entry Level
Canadian Tire Corporation,"Data Science Student, Credit Risk Analytics (4 months) - Winter 2025","Oakville, ON",13 hours ago,Hybrid,Full-time,
"Varsity Tutors, a Nerdy Company",Remote Business Statistics Tutor,"Montreal, QC",Reposted 5 days ago,Remote,Full-time,Entry Level
Outlier,Work from Home - AI Math Analyst,"Richmond Hill, ON",3 days ago,Remote,Full-time,
Outlier,Work from Home - AI Math Analyst,"Cambridge, ON",3 days ago,Remote,Full-time,Mid-Senior Level
Agoda,"Data Analyst (Bangkok Based, relocation provided)","Toronto, ON",Reposted 6 days ago,,Full-time,Associate
TELUS Digital AI Data Solutions,Online Data Analyst,"Ottawa, ON",2 weeks ago,Remote,Part-time,Entry Level
Tribute Technology,Data Analyst II,"Kingston, ON",1 month ago,Remote,Full-time,Mid-Senior Level
Applicantz,Data Analyst,"Montreal, QC",2 weeks ago,Hybrid,,
Mutual of Omaha Mortgage,Insights Analyst,NAMER,5 days ago,Remote,Full-time,Mid-Senior Level
Walmart Canada,(CAN) Senior Data Analyst - Marketplace,"Mississauga, ON",Reposted 2 weeks ago,On-site,Full-time,Mid-Senior Level
IQVIA,"Consultant associé, Services de conseil et d’analyse / Associate Consultant, Consulting & Analytics Services","Mississauga, ON",Reposted 5 days ago,On-site,Full-time,Mid-Senior Level
Super.com,Customer Communication and Insights Analyst ( Remote! ),"Toronto, ON",1 week ago,Remote,Full-time,
Constructor,Data Analyst: Prospect Solutions (Remote),"Montreal, QC",4 months ago,Remote,Full-time,
Campus4Tech,"As A Retail Store Manager, Are You Considering Pivoting Your Career To Data Analyst",Canada,6 days ago,Remote,Full-time,Mid-Senior Level
Aston Carter,Franchise Data Analyst,"Toronto, ON",3 hours ago,Hybrid,,Entry Level
Compunnel Inc.,Data Analyst IV,"Toronto, ON",2 weeks ago,On-site,Full-time,Mid-Senior Level
TD,Senior Quantitative Analytics Analyst,"Toronto, ON",1 week ago,Hybrid,Full-time,Mid-Senior Level
Tim Hortons,"Sr. Analyst, Digital Analytics, Tim Hortons, Canada","Toronto, ON",4 days ago,On-site,Full-time,
Trellis Society,Data Analyst,"Calgary, AB",2 weeks ago,On-site,Full-time,Entry Level
theScore,"Data Analyst, Marketing","Toronto, ON",3 weeks ago,Hybrid,Full-time,Mid-Senior Level
Sobeys,Retail Insights Data Specialist,"Stellarton, NS",1 week ago,Hybrid,Full-time,Mid-Senior Level
Sanofi,Statistician,"Toronto, ON",Reposted 1 week ago,,Full-time,Mid-Senior Level
Campus4Tech,Are You A Risk Manager Looking To Transition Your Career To Become Data Analyst,Canada,3 days ago,Remote,Full-time,Mid-Senior Level
Photon,Data Analyst,"Toronto, ON",19 hours ago,On-site,Full-time,Entry Level
The University of British Columbia,Business Intelligence Specialist,Greater Vancouver Metropolitan Area,9 hours ago,On-site,Full-time,Entry Level
Altea Healthcare,SQL Data Analyst,"Burnaby, BC",6 days ago,On-site,Full-time,
Conestoga College,Senior Business Data Analyst,"Kitchener, ON",1 week ago,Hybrid,Full-time,Mid-Senior Level
Lumerate,Senior Data Analyst,"Toronto, ON",5 days ago,Hybrid,Full-time,Mid-Senior Level
CBC/Radio-Canada,"Senior Business Analyst, Data Analytics (T & I) (Telework/Hybrid)","Montreal, QC",1 day ago,Hybrid,Full-time,Mid-Senior Level
JTI,"Analyste - Solutions d'affaires, Service des Technologies numériques et de l'information","Mississauga, ON",Reposted 5 days ago,On-site,Full-time,Associate
Meltwater,"Analyst, GTM Planning & Analytics","Toronto, ON",Reposted 6 days ago,Hybrid,Full-time,Entry Level
Outlier,Work from Home - AI Math Analyst,"Niagara Falls, ON",3 days ago,Remote,Full-time,Mid-Senior Level
Independent Mechanical Supply,Data Analyst,"Mississauga, ON",6 days ago,On-site,Full-time,
CIBC,"Senior Analyst, Risk Analytics and Portfolio Management","Toronto, ON",1 week ago,,Full-time,Mid-Senior Level
Luxoft,Senior Data Analyst,"Toronto, ON",3 weeks ago,On-site,Full-time,Mid-Senior Level
Digital Research Alliance of Canada | Alliance de recherche numérique du Canada ,Cybersecurity Data Analyst,Canada,4 days ago,Remote,Full-time,Mid-Senior Level
ClifyX,"BI - SSIS, SSRS","Toronto, ON",3 months ago,On-site,Full-time,Mid-Senior Level
Tata Consultancy Services,Data Analyst - GCP,"Mississauga, ON",2 weeks ago,On-site,Full-time,
Merkle,"Lead Analyst, Analytics",Canada,Reposted 2 weeks ago,Remote,Full-time,Mid-Senior Level
TekRek,Senior Data Analyst,"Toronto, ON",3 weeks ago,Remote,,Mid-Senior Level
Outlier,AI Math Analyst,"Whitby, ON",4 days ago,Remote,Full-time,
Outlier,AI Math Analyst,"Newmarket, ON",3 days ago,Remote,Full-time,Mid-Senior Level
The Whitestone Group,Business Intelligence Specialist,"Toronto, ON",1 day ago,On-site,,
Campus4Tech,Are You A Maintenance Technician Looking To Transition Your Career To Become Data Analyst,Canada,5 days ago,Remote,Full-time,Associate
TELUS Digital,Online Data Analyst,"Rouyn-Noranda, QC",2 weeks ago,Remote,,Entry Level
Sobeys,"Analyst Business Intelligence, Contract","Stellarton, NS",4 days ago,Hybrid,,Entry Level
Outlier,AI Math Analyst,"Vaughan, ON",2 weeks ago,Remote,Full-time,
Campus4Tech,Are You A Quality Control Inspector Looking To Transition Your Career To Become Data Analyst,Canada,3 days ago,Remote,Full-time,Associate
eSentire,Threat Intelligence Analyst,"Waterloo, ON",5 days ago,Hybrid,Full-time,Mid-Senior Level
CAE,C-IT-105 Data Analyst,"Montreal, Quebec, Canada",Reposted 6 days ago,,Full-time,Mid-Senior Level
TELUS Digital AI Data Solutions,Online Data Analyst,"Ottawa, ON",1 week ago,Remote,Part-time,Entry Level
Sunnybrook,Data Analyst (DAD/NACRS Coder) - Decision Support - Temporary Full-Time 2024-7887 (2024-7887),"Toronto, ON",4 months ago,On-site,Full-time,Entry Level
Warman O'Brien,Principal biostatistician,"Ontario, Canada",2 weeks ago,Hybrid,Full-time,
Pratt & Whitney Canada,Stage-Hiver-Analyste de données / Internship-Winter-Data Analyst,"Longueuil, QC",Reposted 6 days ago,On-site,Full-time,Mid-Senior Level
Sobeys,"Analyst Business Intelligence, Contract","Calgary, AB",4 days ago,Hybrid,,Entry Level
ResMed,Data Science Analyst (m/w/d),"Saint-Augustin-de-Woburn, QC",3 days ago,,Full-time,
Picton Mahoney Asset Management,"Analyst, Sales Intelligence","Toronto, ON",5 days ago,Hybrid,Full-time,Mid-Senior Level
Capital One,"Senior Associate, Data Analyst","Toronto, ON",Reposted 1 week ago,,Full-time,Associate
VTRAC Consulting Corporation (WBE),"Senior Actuary ( SAS, SQL, and Excel)",Greater Kitchener-Cambridge-Waterloo Metropolitan Area,2 weeks ago,Hybrid,Full-time,Mid-Senior Level
Zendesk,"Senior Analyst, Enterprise Analytics","Toronto, ON",Reposted 2 weeks ago,Remote,Full-time,Mid-Senior Level
Ascendion,Business Data Analyst,Canada,2 weeks ago,Remote,Full-time,
Scotiabank - Global Banking and Markets,Database Analyst Advisory,"Scarborough, ON",6 days ago,Hybrid,Full-time,Entry Level
Ottawa Sports and Entertainment Group (OSEG),"Intern, Business Intelligence Analyst","Ottawa, ON",1 week ago,On-site,,
CareRx Corporation,Power BI Specialist,"Toronto, ON",1 month ago,Hybrid,Full-time,Mid-Senior Level
Outlier,AI Math Analyst,"Caledon, ON",2 weeks ago,Remote,Full-time,Mid-Senior Level
WorkJam,BI Data Analyst Intern | Stagiaire en analyse de données BI,"Montreal, QC",1 week ago,Hybrid,,
LCBO,Sr. Process Analyst (Master Data / Data Migration Specialist) - 12 Months Contract,"Toronto, ON",1 week ago,Hybrid,Full-time,Mid-Senior Level
Outlier,Work from Home - AI Math Analyst,"Clarington, ON",3 days ago,Remote,Full-time,
Desjardins,"Analyst, Data valorization- EN","Montreal, QC",16 hours ago,Hybrid,Full-time,Mid-Senior Level
TextNow,"Staff Data Analyst, Core Experience","Toronto, ON",Reposted 2 weeks ago,Remote,Full-time,Mid-Senior Level
HireKeyz Inc,"Data Analyst (Capital Markets, SQL, Python)","Mississauga, ON",1 week ago,On-site,,Associate
Metrolinx,Senior Business Intelligence Performance Analyst,"Greater Toronto Area, Canada",1 week ago,Hybrid,Full-time,Mid-Senior Level
LGM Financial Services,Junior Data Analyst Pricing,"Vancouver, BC",1 week ago,On-site,Full-time,Entry Level
TELUS Digital,Online Data Analyst,"Saint-Eustache, QC",2 weeks ago,Remote,,Entry Level
Clarivate,Senior Healthcare Research & Data Analyst- Market Expert,"Toronto, ON",Reposted 3 days ago,Hybrid,Full-time,Mid-Senior Level
"J.D. Irving, Limited",Sales & Marketing Data Analyst,"Dieppe, NB",1 week ago,,Full-time,Entry Level
TELUS Digital,Online Data Analyst,"Terrebonne, QC",2 weeks ago,Remote,,Entry Level
RSM Canada,Business Intelligence Consulting Intern - Summer 2025,"Edmonton, AB",Reposted 2 weeks ago,Hybrid,Full-time,
CIBC,"Associate, Quantitative Rotational Program (QRP)","Toronto, ON",1 week ago,,Full-time,Mid-Senior Level
Outlier,AI Math Analyst,"Richmond Hill, ON",3 days ago,Remote,Full-time,Mid-Senior Level
Outlier,AI Math Analyst,"Clarington, ON",3 days ago,Remote,Full-time,Mid-Senior Level
Flexiti,Senior Data Analyst,"Toronto, ON",1 week ago,,Full-time,Mid-Senior Level
TELUS Digital,Online Data Analyst,"Victoriaville, QC",2 weeks ago,Remote,,Entry Level
Ontario Health | Santé Ontario,"Lead Business Analyst, Data Governance","Toronto, ON",5 days ago,Hybrid,Full-time,Mid-Senior Level
BDC,DATA ANALYST,"Montreal, QC",1 week ago,Hybrid,Full-time,Mid-Senior Level
Bombardier,"Analyst, Data & Business Intelligence","Dorval, QC",Reposted 2 weeks ago,On-site,Full-time,Mid-Senior Level
AMD,"Data Analyst Intern/Co-Op (Undergrad | Summer, 2025 | Onsite/Hybrid)","Oro-Medonte, Ontario, Canada",1 month ago,On-site,Full-time,
Diverse Lynx,Data Governance Analyst,"London, ON",1 month ago,On-site,,Entry Level
Outlier,AI Math Analyst,"Aurora, ON",2 weeks ago,Remote,Full-time,Mid-Senior Level
Outlier,AI Math Analyst,"Niagara Falls, ON",3 days ago,Remote,Full-time,Mid-Senior Level
Outlier,AI Math Analyst,"Norfolk County, ON",3 days ago,Remote,Full-time,
TELUS Digital,Online Data Analyst,"St-Hyacinthe, QC",2 weeks ago,Remote,,Entry Level
HireKeyz Inc,Dataiku Data Analyst,"Mississauga, ON",2 weeks ago,On-site,,Associate
theScore,"Data Analyst, Enterprise","Toronto, ON",3 weeks ago,Hybrid,Full-time,Mid-Senior Level
TELUS Digital,Online Data Analyst,"Thérèse-De Blainville Regional County Municipality, QC",1 week ago,Remote,,Entry Level
TELUS Digital AI Data Solutions,Online Data Analyst,"Québec, QC",3 weeks ago,Remote,Part-time,Entry Level
TELUS Digital,Online Data Analyst,"Laprairie, QC",2 weeks ago,Remote,,Entry Level
TELUS Digital AI Data Solutions,Online Data Analyst,"Quebec, Canada",3 weeks ago,Remote,Part-time,Entry Level
TELUS Digital AI Data Solutions,Online Data Analyst,"Blainville, QC",3 weeks ago,Remote,Part-time,Entry Level
Haventree Bank,Business Data Analyst,"Toronto, ON",22 hours ago,Hybrid,Full-time,Associate
"Varsity Tutors, a Nerdy Company",Remote Data Analysis Tutor,"Ontario, Canada",Reposted 5 days ago,Remote,Full-time,Entry Level
Warman O'Brien,Principal Biostatistician,Canada,1 day ago,Remote,Full-time,Mid-Senior Level
BMO,"Senior Data Analyst, Analytics and Visualization","Toronto, ON",17 hours ago,,Full-time,Mid-Senior Level
Peroptyx,Data Analyst - Search (0 Experience Required),Canada,4 hours ago,Remote,,Entry Level
Microsoft,Principal Data Scientist,"Vancouver, BC",1 week ago,On-site,Full-time,Mid-Senior Level
TELUS Digital AI Data Solutions,Online Data Analyst,Greater Quebec City Metropolitan Area,2 weeks ago,Remote,Part-time,Entry Level
Concentrix,Senior Analyst Global Analytic Insights (Hybrid),"Chatham, ON",Reposted 1 week ago,Hybrid,Full-time,Mid-Senior Level
Hootsuite,Strategic Customer Insights Analyst,"Vancouver, BC",1 week ago,Hybrid,Full-time,
TELUS Digital,Online Data Analyst,"Beloeil, QC",2 weeks ago,Remote,,Entry Level
Affirm,"Analyst I, Growth Analytics","Edmonton, AB",Reposted 2 weeks ago,Remote,Full-time,Associate
Outlier,AI Math Analyst,"Kawartha Lakes, ON",3 days ago,Remote,Full-time,Mid-Senior Level
Longbow Advantage,Business Intelligence Analyst,"Ontario, Canada",3 weeks ago,On-site,Full-time,Entry Level
Longbow Advantage,Business Intelligence Analyst,"Mississauga, ON",4 months ago,On-site,Full-time,Entry Level
Soucy,BI (Business Intelligence) analyst,"Drummondville, QC",3 weeks ago,Hybrid,Full-time,Entry Level
Alludo,BI Analyst,"Toronto, ON",Reposted 1 week ago,Remote,Full-time,Associate
Diverse Lynx,Data/Business Analyst,"Toronto, ON",4 months ago,On-site,,Entry Level
Hillsdale Investment Management Inc.,Quantitative Analyst,"Greater Toronto Area, Canada",4 weeks ago,Hybrid,Full-time,Associate
Mistplay,"Analyste de données séniore I, produit et expérimentation // Senior Data Analyst I, Product & Experimentation","Montreal, QC",Reposted 2 weeks ago,Hybrid,Full-time,Mid-Senior Level
Hunter Bond,Graduate Python Engineer (Quant Fund) – up to $150k + Bonus – Montreal (Hybrid),Greater Montreal Metropolitan Area,3 days ago,Hybrid,Full-time,Associate
Wirehead,Senior Business Intelligence Consultant,"Toronto, ON",1 hour ago,Hybrid,,Mid-Senior Level
"Varsity Tutors, a Nerdy Company",Remote Data Analysis Tutor,"Toronto, ON",Reposted 5 days ago,Remote,Full-time,Entry Level
AstraZeneca,Senior Statistician,"Mississauga, ON",20 hours ago,,Full-time,Associate
TELUS Digital,Online Data Analyst,"Sorel-Tracy, QC",2 weeks ago,Remote,,Entry Level
TELUS Digital AI Data Solutions,Online Data Analyst,"Lanaudière, QC",2 weeks ago,Remote,Part-time,Entry Level
City of Toronto,SENIOR INFORMATION ANALYST,"Toronto, ON",2 weeks ago,On-site,Full-time,Mid-Senior Level
Affirm,"Analyst I, Growth Analytics","Winnipeg, MB",Reposted 2 weeks ago,Remote,Full-time,Associate
Lightci (Light Consulting),Senior Data Analyst (Hybrid),"Toronto, ON",3 days ago,Hybrid,Full-time,Associate
TELUS Digital,Online Data Analyst,"Brossard, QC",2 weeks ago,Remote,,
AGF Investments,Intermediate Operations Data Support Analyst (24 month contract),"Toronto, ON",6 days ago,On-site,,Entry Level
TELUS Digital,Online Data Analyst,"Magog, QC",2 weeks ago,Remote,,Entry Level
"Varsity Tutors, a Nerdy Company",Remote Econometrics Tutor,"Sherbrooke, QC",Reposted 5 days ago,Remote,Full-time,Entry Level
Affirm,"Analyst II, Forecasting Analytics","Toronto, ON",1 week ago,Remote,Full-time,Associate
St. Michael's Hospital,"Business Informatics, Analytics & Operations Consultant II","Toronto, ON",19 hours ago,On-site,Full-time,
Outhire Inc.,"Senior Analyst, Business Intelligence","Toronto, ON",3 days ago,Hybrid,Full-time,Mid-Senior Level
Suncor,Masters Data Science Student - January 2025,"Calgary, AB",Reposted 2 weeks ago,On-site,Full-time,
Defence Construction Canada,Information Management Analyst,"Ottawa, ON",1 week ago,,Full-time,Mid-Senior Level
Oak Valley Health,Health Information Management HIM Data Quality Analyst - Full Time - Markham Site,"Markham, ON",2 weeks ago,On-site,Full-time,Entry Level
Ascendion,Power BI Business Data Analyst,Canada,2 weeks ago,Remote,Full-time,
Outlier,AI Math Analyst,"Ajax, ON",2 weeks ago,Remote,Full-time,Mid-Senior Level
TELUS Digital AI Data Solutions,Online Data Analyst,"Les Laurentides Regional County Municipality, QC",2 weeks ago,Remote,Part-time,Entry Level
BMO,Senior Campaign Data Analyst,"Toronto, ON",Reposted 2 weeks ago,,Full-time,Mid-Senior Level
Practice Better,"Senior Analyst, Data & BI",Canada,1 week ago,Remote,Full-time,Mid-Senior Level
Sony Interactive Entertainment,Senior Game Data Analyst,Canada,Reposted 6 days ago,Remote,Full-time,Mid-Senior Level
Gateway Casinos and Entertainment Limited,Data Analyst,"Burnaby, BC",1 month ago,On-site,Full-time,Entry Level
KYYBA Inc,Reporting and innovation data analyst,"Montreal, QC",1 week ago,On-site,,
Scotiabank,Senior Analyst Financial Analytics & Business Intelligence- International Banking Finance (6 month),"Toronto, ON",1 week ago,On-site,,Mid-Senior Level
Fraser Health Authority,Data Analyst,"Surrey, BC",6 days ago,On-site,Full-time,
Klick,"Senior Analyst, Marketing Analytics","Toronto, ON",Reposted 3 days ago,Hybrid,Full-time,Mid-Senior Level
"Connor, Clark & Lunn Financial Group (CC&L)","Data Analyst, Investment Data Management","Vancouver, BC",Reposted 6 days ago,Hybrid,Full-time,Entry Level
Robert Half,Business Intelligence (BI) Analyst,"Edmonton, AB",5 days ago,On-site,Full-time,Mid-Senior Level
TELUS Digital AI Data Solutions,Online Data Analyst,"Nunavut, Canada",2 weeks ago,Remote,Part-time,Entry Level
BNP Paribas,Analyst – IT Data & control analyst,"Montreal, QC",1 week ago,Hybrid,Full-time,Mid-Senior Level
CIBC,"Sr. Analyst, Advanced Analytics","Toronto, ON",Reposted 4 days ago,,Full-time,Mid-Senior Level
Tata Consultancy Services,"Axion Consultant-SQL, Power BI, PL/SQL, SSIS","Toronto, ON",1 week ago,On-site,Full-time,Mid-Senior Level
Bank of Canada,"Business Analyst, HR Systems Support","Ottawa, Ontario, Canada",5 days ago,Hybrid,Full-time,Entry Level
Owner.com,"Data Analyst, Product",Canada,13 hours ago,Remote,Full-time,Mid-Senior Level
International Air Transport Association (IATA),"Intern, Market & Consumer Insights","Montreal, QC",Reposted 6 hours ago,Hybrid,Full-time,
RBC,"Senior Analyst, IAM Access Request Reporting & Analysis (GCS)","Toronto, ON",19 hours ago,Hybrid,Full-time,Mid-Senior Level
WSP in Canada,"HR Analyst, Reporting & Analytics","Alberta, Canada",Reposted 4 days ago,Hybrid,,
Lundbeck,Business Insights Analyst,"Montreal, QC",Reposted 2 weeks ago,,Full-time,Associate
NumerixS Technologies (NumerixS Quant),Quantitative Analyst (PhD Required),"Vancouver, BC",1 month ago,On-site,Full-time,Mid-Senior Level
Outlier,AI Math Analyst,"Oakville, ON",2 weeks ago,Remote,Full-time,Mid-Senior Level
SPECTRAFORCE,Reporting and Innovation Data Analyst,"Montreal, QC",1 week ago,On-site,Full-time,Entry Level
TELUS Digital AI Data Solutions,Online Data Analyst,"Québec, QC",1 week ago,Remote,Part-time,Entry Level
hims & hers,"Lead Data Analyst, Product","Vancouver, BC",Reposted 2 weeks ago,Remote,Full-time,Mid-Senior Level
Pratt & Whitney Canada,Stage-Hiver-Analyse de la base de données des matériaux et collecte d'informations / Internship -Winter-Materials database analysis and data collection,"Longueuil, QC",Reposted 5 days ago,On-site,Full-time,
"Global Technical Talent, an Inc. 5000 Company",Senior Business Intelligence Specialist,"Toronto, ON",3 days ago,Hybrid,,Entry Level
TELUS Digital,Online Data Analyst,"Quebec City metropolitan community, QC",1 week ago,Remote,,Entry Level
Lyft,Data Analyst - Strategic Planning and P&L Management,"Toronto, ON",1 week ago,,Full-time,Mid-Senior Level
"Varsity Tutors, a Nerdy Company",Remote Data Analysis Tutor,"Kitchener, ON",Reposted 5 days ago,Remote,Full-time,Entry Level
TELUS Digital,Online Data Analyst,"Vaudreuil-Soulanges Regional County Municipality, QC",1 week ago,Remote,,Entry Level
Precision Medicine Group,Senior Biostatistician,Canada,1 week ago,Remote,Full-time,Mid-Senior Level
AstraZeneca,Senior Statistician I/II,"Mississauga, ON",3 days ago,,Full-time,Associate
City of Greater Sudbury,Business Intelligence Analyst,"Greater Sudbury, ON",21 hours ago,Remote,Full-time,Mid-Senior Level
People Corporation,Benefits Analyst/Business Intelligence Analyst,"Vancouver, BC",5 hours ago,On-site,Full-time,Entry Level
Sun Life,Senior Data Analyst,"Toronto, ON",Reposted 2 days ago,,Full-time,Mid-Senior Level
Zendesk,"Senior Analyst, Enterprise Analytics","Toronto, ON",Reposted 2 weeks ago,Remote,Full-time,Mid-Senior Level
Affirm,"Analyst II, Forecasting Analytics","Windsor, ON",Reposted 1 week ago,Remote,Full-time,Associate
Affirm,"Analyst II, Forecasting Analytics","Kitchener, ON",Reposted 1 week ago,Remote,Full-time,Associate
TELUS Digital AI Data Solutions,Online Data Analyst,"Newfoundland and Labrador, Canada",2 weeks ago,Remote,Part-time,Entry Level
University of Notre Dame,Postdoctoral Research Fellow Position: Health Equity Data Lab,"Notre Dame, NB",Reposted 1 week ago,On-site,Full-time,Mid-Senior Level
AXIS (AXIS Capital),Data Governance Analyst,"Halifax, NS",Reposted 5 days ago,Hybrid,Full-time,Mid-Senior Level
Affirm,"Analyst I, Growth Analytics","Regina, SK",Reposted 2 weeks ago,Remote,Full-time,Associate
Geotab,Senior Data Analyst,"Oakville, ON",Reposted 2 weeks ago,Hybrid,Full-time,Mid-Senior Level
National Bank of Canada,Chief Data Analyst,"Toronto, ON",20 hours ago,On-site,Full-time,Mid-Senior Level
Affirm,"Analyst II, Forecasting Analytics","Oshawa, ON",Reposted 1 week ago,Remote,Full-time,Associate
Outlier,AI Math Analyst,"Burlington, ON",2 weeks ago,Remote,Full-time,Mid-Senior Level
Scotiabank - Global Banking and Markets,"Specialist, Data Analytics Engineering - Business Intelligence Data Analytics (Hybrid)","Scarborough, ON",1 month ago,Hybrid,Full-time,Mid-Senior Level
Outlier,AI Math Analyst,"Belleville, ON",2 weeks ago,Remote,Full-time,Mid-Senior Level
CGI,Salesforce Data Analyst,"Victoria, BC",Reposted 6 hours ago,,Full-time,Entry Level
Cooke Inc. ,Business Intelligence Analyst,"Saint John, NB",2 months ago,On-site,Full-time,Entry Level
Agilus Work Solutions,Asset Integrity Data Analyst - PCMS,Canada,2 hours ago,Remote,,
TELUS Digital AI Data Solutions,Online Data Analyst,"Nova Scotia, Canada",2 weeks ago,Remote,Part-time,Entry Level
Western Financial Group,Analyst- Business Intelligence,"Calgary, AB",Reposted 2 months ago,Remote,Full-time,Mid-Senior Level
Sobeys,"Senior Financial Analyst, Sourcing & Analytics","Stellarton, NS",2 weeks ago,Hybrid,Full-time,Mid-Senior Level
TextNow,"Staff Data Analyst, Core Experience","Waterloo, ON",Reposted 2 weeks ago,Remote,Full-time,Mid-Senior Level
TELUS Digital AI Data Solutions,Online Data Analyst,"Saskatchewan, Canada",3 weeks ago,Remote,Part-time,Entry Level
Verafin,Verafin - Data Processing Analyst (PST),"St John’s, NL",1 week ago,Hybrid,Full-time,Associate
TELUS Digital AI Data Solutions,Online Data Analyst,"Yukon, YT",2 weeks ago,Remote,Part-time,Entry Level
Affirm,"Analyst II, Forecasting Analytics","Hamilton, ON",Reposted 1 week ago,Remote,Full-time,Associate
Toromont Cat,Web Analytics Specialist,"Vaughan, Ontario, Canada",2 weeks ago,On-site,Full-time,Mid-Senior Level
TELUS Digital,Online Data Analyst,"Vaudreuil-Soulanges Regional County Municipality, QC",1 week ago,Remote,,Entry Level
Deloitte,"Senior Associate, Quantitative Market Risk Models - Financial Engineering & Modeling","Toronto, ON",Reposted 2 weeks ago,,Full-time,Mid-Senior Level
CGI,Cybersecurity Data Analyst,"Halifax, NS",4 days ago,,Full-time,Entry Level
Agoda,"Data Analyst (Bangkok Based, relocation provided)","Montreal, QC",Reposted 6 days ago,,Full-time,Associate
TELUS Digital AI Data Solutions,Online Data Analyst,"Brandon, MB",1 week ago,Remote,Part-time,Entry Level
Outlier,AI Math Analyst,"Kingston, ON",3 days ago,Remote,Full-time,Mid-Senior Level
"Varsity Tutors, a Nerdy Company",Remote Data Analysis Tutor,"Nova Scotia, Canada",Reposted 5 days ago,Remote,Full-time,Entry Level
Affirm,"Analyst I, Growth Analytics","Calgary, AB",Reposted 2 weeks ago,Remote,Full-time,Associate
Agoda,"Data Analyst (Bangkok Based, relocation provided)","Vancouver, BC",Reposted 1 week ago,,Full-time,Associate
Genetec,Analyste de données / Data Analyst - Power BI Developer,"Montreal, QC",1 week ago,Hybrid,Full-time,Mid-Senior Level
"Parrish & Heimbecker, Limited",Finance Data Analyst,"Hanover, ON",1 month ago,On-site,Full-time,Entry Level
Accenture,Data Engineering Senior Analyst,"Mississauga, ON",4 days ago,Hybrid,Full-time,Mid-Senior Level
TELUS Digital AI Data Solutions,Online Data Analyst,"Nova Scotia, Canada",2 weeks ago,Remote,Part-time,Entry Level
TELUS Digital AI Data Solutions,Online Data Analyst,"New Brunswick, Canada",2 weeks ago,Remote,Part-time,Entry Level
TELUS Digital AI Data Solutions,Online Data Analyst,"Northwest Territories, Canada",1 week ago,Remote,Part-time,Entry Level
eStaffing Inc.,"As An Healthcare Admin, Are You Considering Pivoting Your Career To Data Analyst","Alberta, Canada",4 days ago,Remote,Full-time,Mid-Senior Level
eStaffing Inc.,Are You An Assembler Looking To Transition Your Career To Become Data Analyst,"Alberta, Canada",13 hours ago,Remote,Full-time,
The Salvation Army in Canada,"Senior Data Analyst, Labour Relations","Toronto, ON",3 weeks ago,Remote,,Mid-Senior Level
Cushman & Wakefield,Research Analyst,"Montreal, QC",18 hours ago,On-site,Full-time,Entry Level
Darkhorse Emergency,Data Analyst / Consultant (Fire / EMS),"Edmonton, AB",3 weeks ago,Remote,Full-time,Entry Level
Deloitte,"Senior Consultant - S/4 HANA Planning, Budgeting and Analytics, Public Sector","Ottawa, ON",Reposted 3 weeks ago,,Full-time,Mid-Senior Level
Pratt & Whitney Canada,Stage-Hiver- Science des données et Analytique d’affaires / Internship -Winter 2025-Data Science and Business Analytics,"Longueuil, QC",Reposted 2 weeks ago,On-site,Full-time,Mid-Senior Level
hims & hers,"Lead Data Analyst, Product","Toronto, ON",Reposted 2 weeks ago,Remote,Full-time,
Mercury,Senior Data Scientist - Risk Analytics,Canada,Reposted 2 weeks ago,Remote,Full-time,Mid-Senior Level
Affirm,"Analyst I, Growth Analytics","Queens, PE",Reposted 2 weeks ago,Remote,Full-time,Associate
Outlier,AI Math Analyst,"Thunder Bay, ON",3 days ago,Remote,Full-time,Mid-Senior Level
TELUS Digital AI Data Solutions,Online Data Analyst,"Montreal, QC",2 weeks ago,Remote,Part-time,Entry Level
"Varsity Tutors, a Nerdy Company",Remote Data Analysis Tutor,"Sherbrooke, QC",Reposted 5 days ago,Remote,Full-time,Entry Level
Sobeys,Retail Insights Data Specialist,"Calgary, AB",1 week ago,Hybrid,Full-time,Mid-Senior Level
Loblaw Companies Limited,Sr. Data Engineering Analyst,"Brampton, ON",2 weeks ago,,Full-time,Mid-Senior Level
CIBC,"Senior Analyst, Performance Analytics - Montreal - Bilingual","Montreal, QC",2 weeks ago,,Full-time,Mid-Senior Level
Pernod Ricard,"Senior Analyst, Market Performance and Business Intelligence","Toronto, ON",Reposted 6 hours ago,Hybrid,Full-time,Mid-Senior Level
Jane App,Senior Data Analyst,Canada,Reposted 1 week ago,Remote,Full-time,Mid-Senior Level
VGW,Senior Insight Analyst,"Toronto, ON",Reposted 3 days ago,Hybrid,Full-time,Mid-Senior Level
The University of British Columbia,Data Analyst,Greater Vancouver Metropolitan Area,Reposted 18 hours ago,On-site,Full-time,
J&M Group,Business Analyst-Azure data/ datawarehouse,"Toronto, ON",6 days ago,On-site,,Entry Level
TELUS Digital AI Data Solutions,Online Data Analyst,"Nova Scotia, Canada",2 weeks ago,Remote,Part-time,Entry Level
TELUS Digital AI Data Solutions,Online Data Analyst,"Northwest Territories, Canada",1 week ago,Remote,Part-time,Entry Level
TELUS Digital AI Data Solutions,Online Data Analyst,"Winnipeg, MB",2 weeks ago,Remote,Part-time,Entry Level
TELUS Digital AI Data Solutions,Online Data Analyst,"Nunavut, Canada",2 weeks ago,Remote,Part-time,Entry Level
DELAN - Chasseurs de Talents en TI,Analyste de Données SAP,"Montreal, QC",1 week ago,Hybrid,Full-time,Associate
Sun Life,Senior Data Analyst,"Waterloo, ON",Reposted 2 days ago,,Full-time,Mid-Senior Level
Sobeys,Retail Insights Data Specialist,"Dartmouth, NS",1 week ago,Hybrid,Full-time,
"Varsity Tutors, a Nerdy Company",Remote Data Analysis Tutor,Greater Trois-Rivieres Metropolitan Area,Reposted 5 days ago,Remote,Full-time,Entry Level
eStaffing Inc.,Are you a Supply Chain Analyst looking to transition your career into Data Analyst,"Alberta, Canada",3 days ago,Remote,Full-time,
TELUS Digital,Online Data Analyst Canada (French Language),Canada,Reposted 2 weeks ago,Remote,Part-time,Entry Level
Affirm,"Analyst II, Forecasting Analytics","London, ON",Reposted 1 week ago,Remote,Full-time,Associate
Affirm,"Analyst I, Growth Analytics","Victoria, BC",Reposted 2 weeks ago,Remote,Full-time,Associate
ABB,Data Analyst - Maintenance Planning,"St-Jean-Sur-Richelieu, QC",1 week ago,,Full-time,
Hill & Knowlton,"Social Media Analyst, Data & Intelligence","Vancouver, BC",2 weeks ago,On-site,Full-time,Entry Level
TalentMinded Inc.,"Senior Analyst, People Analytics & HRIS","Toronto, ON",1 month ago,Hybrid,Full-time,Mid-Senior Level
TELUS Digital,Online Data Analyst,"Roussillon Regional County Municipality, QC",1 week ago,Remote,,Entry Level
Movable Ink,"Lead Data Scientist, Personalization Analytics","Toronto, ON",1 week ago,On-site,Full-time,
hims & hers,"Lead Data Analyst, Product",Canada,Reposted 2 weeks ago,Remote,Full-time,
"Varsity Tutors, a Nerdy Company",Remote Data Analysis Tutor,"Vancouver, BC",Reposted 5 days ago,Remote,Full-time,Entry Level
Canadian Armed Forces | Forces armées canadiennes,Signals Intelligence Specialist,"Kingston, NS",Reposted 4 days ago,,Full-time,Entry Level
Olymel,Analyste données maîtres – Centre d’excellence finance,"Boucherville, QC",Reposted 4 days ago,Hybrid,Full-time,
National Bank of Canada,Analyste principal des données,"Toronto, ON",21 hours ago,On-site,Full-time,
Desjardins,"Analyst, Data valorization- EN","Montreal, QC",1 week ago,Hybrid,Full-time,
"NFP, an Aon company",Data Conversion Analyst - Remote,"Calgary, AB",Reposted 5 days ago,Remote,Full-time,
TD,Modelling / Forecasting Senior Analyst (Quants) (1679),"Toronto, ON",1 month ago,Hybrid,Full-time,Mid-Senior Level
Canadian Nuclear Laboratories,Information Analyst,"Chalk River, ON",1 month ago,On-site,Full-time,
WalterFedy,Senior Data Analyst,"Kitchener, ON",3 days ago,On-site,Full-time,Mid-Senior Level
Instacart,"Senior Analyst, Media Analytics",Canada,Reposted 1 month ago,Remote,Full-time,Mid-Senior Level
TELUS Digital AI Data Solutions,Online Data Analyst,"Red Deer, AB",3 weeks ago,Remote,Part-time,Entry Level
TELUS Digital AI Data Solutions,Online Data Analyst,"Les Laurentides Regional County Municipality, QC",1 week ago,Remote,Part-time,Entry Level
TELUS Digital AI Data Solutions,Online Data Analyst,"Newfoundland and Labrador, Canada",3 weeks ago,Remote,Part-time,Entry Level
TELUS Digital AI Data Solutions,Online Data Analyst,"Whitehorse, YT",2 days ago,Remote,Part-time,Entry Level
ABB,Analyste de données - Planification de maintenance,"St-Jean-Sur-Richelieu, QC",Reposted 2 weeks ago,,Full-time,Entry Level
Apollo.io,Compensation & Analytics Analyst,Canada,2 weeks ago,Remote,Full-time,
Affirm,"Analyst I, Growth Analytics","Saskatoon, SK",Reposted 2 weeks ago,Remote,Full-time,Associate
Day & Ross,Data & Analytics Specialist,"Fredericton, NB",6 days ago,Hybrid,Full-time,
RBC,Senior Data Analyst (GCS),"Toronto, ON",20 hours ago,,Full-time,Mid-Senior Level
Boralex Inc.,"Senior Analyst, Financial Information and Disclosure","Montreal, QC",1 week ago,On-site,Full-time,Mid-Senior Level
Syntronic - A Global Design House,Data Analyst - Automotive Engineer,"Waterloo, ON",1 month ago,On-site,Full-time,
Intact,Data Governance Advisor specialist,"Toronto, ON",Reposted 4 days ago,Hybrid,Full-time,
SECURE ENERGY,Business Intelligence Analyst,"Calgary, AB",Reposted 1 week ago,,Full-time,
Desjardins,"Data Scientist, Data valorization- EN","Montreal, QC",6 days ago,Hybrid,Full-time,Mid-Senior Level
Ontario Securities Commission,Senior Information Analyst,"Toronto, ON",2 weeks ago,Hybrid,Full-time,Associate
Affirm,"Analyst II, Forecasting Analytics","Ottawa, ON",Reposted 1 week ago,Remote,Full-time,Associate
Outlier,AI Math Analyst,"Chatham-Kent, ON",3 days ago,Remote,Full-time,Mid-Senior Level
Alludo,BI Analyst,Greater Vancouver Metropolitan Area,3 months ago,Remote,Full-time,
CAAT Pension Plan,Senior Business Intelligence (BI) Specialist,"Toronto, ON",1 week ago,Hybrid,Full-time,Mid-Senior Level
National Bank of Canada,Chief Data Analyst Campaign Development,"Montreal, QC",3 weeks ago,Hybrid,Full-time,
IPEX by Aliaxis,"Senior Data Analyst, People Analytics","Oakville, ON",2 weeks ago,On-site,Full-time,Mid-Senior Level
Outlier,AI Math Analyst,"Saskatoon, SK",2 weeks ago,Remote,Full-time,Mid-Senior Level
Outlier,AI Math Analyst,"Coquitlam, BC",3 days ago,Remote,Full-time,
Outlier,AI Math Analyst,"Chilliwack, BC",3 days ago,Remote,Full-time,Mid-Senior Level
Outlier,AI Math Analyst,"Abbotsford, BC",3 days ago,Remote,Full-time,Mid-Senior Level
Magna International,"Sr. Workday Functional Analyst, HR Systems","Aurora, ON",Reposted 6 hours ago,On-site,Full-time,
Outlier,AI Math Analyst,"Brossard, QC",3 days ago,Remote,Full-time,Mid-Senior Level
Éco Entreprises Québec,Analyste de données,"Montreal, QC",6 days ago,Hybrid,Full-time,Mid-Senior Level
RONA,"Senior Analyst in Business Intelligence WEB - (Remote, Boucherville QC) - Fluent in French","Boucherville, QC",Reposted 7 hours ago,Remote,Full-time,Mid-Senior Level
Outlier,AI Math Analyst,"Gatineau, QC",3 days ago,Remote,Full-time,
AltaGas Ltd.,"AltaGas - Senior Analyst, FP&A Technology and Data","Calgary, AB",Reposted 2 weeks ago,On-site,Full-time,Mid-Senior Level
Metro Inc.,Analyste données immobilières (fonction administration),"Terrebonne, QC",Reposted 3 weeks ago,Hybrid,Full-time,
Outlier,AI Math Analyst,"Medicine Hat, AB",3 days ago,Remote,Full-time,
Promutuel Assurance,Analyste de données et divulgations RSE,"Longueuil, QC",Reposted 5 days ago,Hybrid,Full-time,Entry Level
"Connor, Clark & Lunn Investment Management (CC&L)",Senior Quantitative Equity Analyst – Alternative Data,"Vancouver, BC",Reposted 6 days ago,Hybrid,,Mid-Senior Level
Provincial Health Services Authority,"Data Analyst, Clinical Division, Provincial Lab Data Analytics - Provincial Laboratory Medicine Services (PLMS)","Vancouver, BC",1 week ago,Remote,Part-time,
Tolko Industries,Senior Business Intelligence Specialist,"Vernon, BC",5 days ago,On-site,Full-time,Mid-Senior Level
KYYBA Inc,Business Intelligence Analyst IV,"New Brunswick, Canada",1 month ago,On-site,Full-time,
Train à grande fréquence - High Frequency Rail,Data Analyst (Temporary position of 15 months),"Montreal, QC",Reposted 2 weeks ago,Hybrid,,
Éco Entreprises Québec,"Analyste, intelligence d’affaires","Montreal, QC",5 days ago,Hybrid,Full-time,
KABS Laboratories Inc.,Analyste - Calculs et entrée de données / Analyst-Calculation and data entry,"Saint-Hubert-de-Rivière-du-Loup, QC",2 months ago,On-site,Full-time,Entry Level
Provincial Health Services Authority,"Data Analyst Health Surveillance, Surveillance Infra & Reporting - BC Centre for Disease Control","Vancouver, BC",3 days ago,Hybrid,Full-time,
The Venus Consultancy Ltd,Operational Analyst - Data Governance - Vancouver Remote,"Vancouver, BC",3 months ago,On-site,Full-time,Associate
Epic Games,Principal Data Scientist,Greater Montreal Metropolitan Area,Reposted 7 hours ago,On-site,Full-time,
Desjardins,Analyste en valorisation de données - FR,"Montreal, QC",18 hours ago,Hybrid,Full-time,Mid-Senior Level
Altea Healthcare,Senior Data Analyst,"Burnaby, BC",1 week ago,On-site,Full-time,Associate
Keyloop,Junior Data Analyst,Canada,1 week ago,Remote,Full-time,Associate
TELUS Digital AI Data Solutions,Online Data Analyst,"Dieppe, NB",2 days ago,Remote,Part-time,Entry Level
TELUS Digital,Online Data Analyst,"Ottawa, ON",1 week ago,Remote,,Entry Level
Astek,Data Analyst,"Toronto, ON",1 week ago,Hybrid,,Associate
TELUS Digital AI Data Solutions,Online Data Analyst,"Spruce Grove, AB",2 days ago,Remote,Part-time,Entry Level
TELUS Digital,Online Data Analyst,"Lakeshore, ON",1 week ago,Remote,,Entry Level
TELUS Digital AI Data Solutions,Online Data Analyst,"Ontario, Canada",2 weeks ago,Remote,Part-time,Entry Level
Affirm,"Analyst I, Growth Analytics","Windsor, ON",Reposted 2 weeks ago,Remote,Full-time,Associate
Affirm,"Analyst I, Growth Analytics","Ottawa, ON",Reposted 2 weeks ago,Remote,Full-time,Associate
TELUS Digital,Online Data Analyst,"Welland, ON",1 week ago,Remote,,Entry Level
TELUS Digital AI Data Solutions,Online Data Analyst,"Ottawa, ON",2 weeks ago,Remote,Part-time,Entry Level
TELUS Digital,Online Data Analyst,"Russell, ON",1 week ago,Remote,,Entry Level
Affirm,"Analyst I, Growth Analytics","London, ON",Reposted 2 weeks ago,Remote,Full-time,Associate
The Home Depot Canada,Senior Insight Analyst,"Toronto, ON",4 days ago,On-site,Full-time,Mid-Senior Level
AstraZeneca,Senior Statistician,"Mississauga, ON",Reposted 4 days ago,,Full-time,Associate
Campus4Tech,Are You A Recruiter Looking To Transition Your Career To Become Data Analyst,Canada,6 days ago,Remote,Full-time,Associate
Aston Carter,Franchise Data Analyst,"Toronto, ON",3 hours ago,Hybrid,,Entry Level
Staples Canada,Business Services Analyst - Business Insights & Intelligence (Contractuel),"Richmond Hill, ON",2 months ago,Hybrid,Full-time,Mid-Senior Level
Sobeys,Retail Insights Data Specialist,"Stellarton, NS",1 week ago,Hybrid,Full-time,Mid-Senior Level
Campus4Tech,Are You A Risk Manager Looking To Transition Your Career To Become Data Analyst,Canada,3 days ago,Remote,Full-time,Mid-Senior Level
Outlier,AI Math Analyst,"Newmarket, ON",3 days ago,Remote,Full-time,Mid-Senior Level
Campus4Tech,Are You A Maintenance Technician Looking To Transition Your Career To Become Data Analyst,Canada,5 days ago,Remote,Full-time,Associate
Sobeys,"Analyst Business Intelligence, Contract","Stellarton, NS",4 days ago,Hybrid,,Entry Level
Outlier,AI Math Analyst,"Vaughan, ON",2 weeks ago,Remote,Full-time,
Campus4Tech,Are You A Quality Control Inspector Looking To Transition Your Career To Become Data Analyst,Canada,3 days ago,Remote,Full-time,Associate
TELUS Digital AI Data Solutions,Online Data Analyst,"Ontario, Canada",2 weeks ago,Remote,Part-time,Entry Level
TELUS Digital AI Data Solutions,Online Data Analyst,"Winnipeg, MB",2 days ago,Remote,Part-time,Entry Level
TELUS Digital,Online Data Analyst,"Clarence-Rockland, ON",1 week ago,Remote,,Entry Level
TELUS Digital AI Data Solutions,Online Data Analyst,Canada,2 days ago,Remote,Part-time,Entry Level
TELUS Digital AI Data Solutions,Online Data Analyst,"Corner Brook, NL",2 days ago,Remote,Part-time,Entry Level
TELUS Digital,Online Data Analyst,"Rouyn-Noranda, QC",2 weeks ago,Remote,,Entry Level
Sobeys,"Analyst Business Intelligence, Contract","Calgary, AB",4 days ago,Hybrid,,Entry Level
Outlier,AI Math Analyst,"Caledon, ON",2 weeks ago,Remote,Full-time,Mid-Senior Level
Outlier,Work from Home - AI Math Analyst,"Clarington, ON",3 days ago,Remote,Full-time,Mid-Senior Level
TELUS Digital,Online Data Analyst,"Saint-Eustache, QC",2 weeks ago,Remote,,Entry Level
Outlier,AI Math Analyst,"Burlington, ON",2 weeks ago,Remote,Full-time,Mid-Senior Level
TELUS Digital,Online Data Analyst,"Terrebonne, QC",2 weeks ago,Remote,,Entry Level
Outlier,AI Math Analyst,"Richmond Hill, ON",3 days ago,Remote,Full-time,Mid-Senior Level
Affirm,"Analyst I, Growth Analytics","Edmonton, AB",Reposted 2 weeks ago,Remote,Full-time,Associate
ROCKWOOL Group,Marketing Intelligence Analyst,"Milton, ON",2 months ago,,Full-time,Mid-Senior Level
AstraZeneca,Senior Statistician,"Mississauga, ON",21 hours ago,,Full-time,Associate
Affirm,"Analyst I, Growth Analytics","Winnipeg, MB",Reposted 2 weeks ago,Remote,Full-time,Associate
"Varsity Tutors, a Nerdy Company",Remote Econometrics Tutor,"Sherbrooke, QC",Reposted 5 days ago,Remote,Full-time,Entry Level
Affirm,"Analyst II, Forecasting Analytics","Toronto, ON",1 week ago,Remote,Full-time,Associate
Northeastern University,Part-Time Lecturer - Analytics (Toronto),"Toronto, ON",Reposted 3 months ago,On-site,Part-time,Entry Level
Global Pharma Tek,Data Analytical Specialist - Senior,"Toronto, ON",2 months ago,On-site,,Entry Level
"Varsity Tutors, a Nerdy Company",Remote Data Analysis Tutor,"Kitchener, ON",Reposted 5 days ago,Remote,Full-time,Entry Level
Affirm,"Analyst II, Forecasting Analytics","Windsor, ON",Reposted 1 week ago,Remote,Full-time,Associate
Zendesk,"Senior Analyst, Enterprise Analytics","Toronto, ON",Reposted 2 weeks ago,Remote,Full-time,Mid-Senior Level
University of Notre Dame,Postdoctoral Research Fellow Position: Health Equity Data Lab,"Notre Dame, NB",Reposted 1 week ago,On-site,Full-time,
Outlier,AI Math Analyst,"Chilliwack, BC",3 days ago,Remote,Full-time,
Outlier,AI Math Analyst,"Abbotsford, BC",3 days ago,Remote,Full-time,Mid-Senior Level
Magna International,"Sr. Workday Functional Analyst, HR Systems","Aurora, ON",Reposted 6 hours ago,On-site,Full-time,Mid-Senior Level
Outlier,AI Math Analyst,"Brossard, QC",3 days ago,Remote,Full-time,Mid-Senior Level
Éco Entreprises Québec,Analyste de données,"Montreal, QC",6 days ago,Hybrid,Full-time,
RONA,"Senior Analyst in Business Intelligence WEB - (Remote, Boucherville QC) - Fluent in French","Boucherville, QC",Reposted 7 hours ago,Remote,Full-time,Mid-Senior Level
Outlier,AI Math Analyst,"Gatineau, QC",3 days ago,Remote,Full-time,Mid-Senior Level
AltaGas Ltd.,"AltaGas - Senior Analyst, FP&A Technology and Data","Calgary, AB",Reposted 2 weeks ago,On-site,Full-time,Mid-Senior Level
Metro Inc.,Analyste données immobilières (fonction administration),"Terrebonne, QC",Reposted 3 weeks ago,Hybrid,Full-time,
Outlier,AI Math Analyst,"Medicine Hat, AB",3 days ago,Remote,Full-time,Mid-Senior Level
Promutuel Assurance,Analyste de données et divulgations RSE,"Longueuil, QC",Reposted 5 days ago,Hybrid,Full-time,Entry Level
"Connor, Clark & Lunn Investment Management (CC&L)",Senior Quantitative Equity Analyst – Alternative Data,"Vancouver, BC",Reposted 6 days ago,Hybrid,,
Provincial Health Services Authority,"Data Analyst, Clinical Division, Provincial Lab Data Analytics - Provincial Laboratory Medicine Services (PLMS)","Vancouver, BC",1 week ago,Remote,Part-time,
Tolko Industries,Senior Business Intelligence Specialist,"Vernon, BC",5 days ago,On-site,Full-time,Mid-Senior Level
KYYBA Inc,Business Intelligence Analyst IV,"New Brunswick, Canada",1 month ago,On-site,Full-time,Mid-Senior Level
Train à grande fréquence - High Frequency Rail,Data Analyst (Temporary position of 15 months),"Montreal, QC",Reposted 2 weeks ago,Hybrid,,
Éco Entreprises Québec,"Analyste, intelligence d’affaires","Montreal, QC",5 days ago,Hybrid,Full-time,
KABS Laboratories Inc.,Analyste - Calculs et entrée de données / Analyst-Calculation and data entry,"Saint-Hubert-de-Rivière-du-Loup, QC",2 months ago,On-site,Full-time,Entry Level
Provincial Health Services Authority,"Data Analyst Health Surveillance, Surveillance Infra & Reporting - BC Centre for Disease Control","Vancouver, BC",3 days ago,Hybrid,Full-time,Mid-Senior Level
The Venus Consultancy Ltd,Operational Analyst - Data Governance - Vancouver Remote,"Vancouver, BC",3 months ago,On-site,Full-time,Associate
Epic Games,Principal Data Scientist,Greater Montreal Metropolitan Area,Reposted 7 hours ago,On-site,Full-time,Mid-Senior Level
Chainalysis,"Intelligence Analyst, Cybercrime","Vancouver, BC",1 month ago,,Full-time,Mid-Senior Level
Eastlink,BSS Analyst,"Halifax, NS",3 weeks ago,Hybrid,Full-time,
Desjardins,Analyste en valorisation de données - FR,"Montreal, QC",19 hours ago,Hybrid,Full-time,Mid-Senior Level
Altea Healthcare,Senior Data Analyst,"Burnaby, BC",1 week ago,On-site,Full-time,Associate
Keyloop,Junior Data Analyst,Canada,1 week ago,Remote,Full-time,Associate
"GEI Consultants, Inc.",Asset Management Consultant and Data Analyst,"Barrie, ON",1 month ago,On-site,,Entry Level
TELUS Digital AI Data Solutions,Online Data Analyst,"Dieppe, NB",2 days ago,Remote,Part-time,Entry Level
TELUS Digital,Online Data Analyst,"Ottawa, ON",1 week ago,Remote,,Entry Level
Astek,Data Analyst,"Toronto, ON",1 week ago,Hybrid,,Associate
TELUS Digital AI Data Solutions,Online Data Analyst,"Spruce Grove, AB",2 days ago,Remote,Part-time,Entry Level
TELUS Digital,Online Data Analyst,"Lakeshore, ON",1 week ago,Remote,,Entry Level
TELUS Digital AI Data Solutions,Online Data Analyst,"Ontario, Canada",2 weeks ago,Remote,Part-time,Entry Level
Affirm,"Analyst I, Growth Analytics","Windsor, ON",Reposted 2 weeks ago,Remote,Full-time,Associate
Affirm,"Analyst I, Growth Analytics","Ottawa, ON",Reposted 2 weeks ago,Remote,Full-time,Associate
TELUS Digital,Online Data Analyst,"Welland, ON",1 week ago,Remote,,Entry Level
TELUS Digital AI Data Solutions,Online Data Analyst,"Ottawa, ON",2 weeks ago,Remote,Part-time,Entry Level
TELUS Digital,Online Data Analyst,"Russell, ON",1 week ago,Remote,,Entry Level
Affirm,"Analyst I, Growth Analytics","London, ON",Reposted 2 weeks ago,Remote,Full-time,Associate
The Home Depot Canada,Senior Insight Analyst,"Toronto, ON",4 days ago,On-site,Full-time,Mid-Senior Level
Infosys,Senior Analyst - Analytics Technology,"Mississauga, ON",2 weeks ago,On-site,Full-time,Mid-Senior Level
AstraZeneca,Senior Statistician,"Mississauga, ON",Reposted 4 days ago,,Full-time,Associate
Campus4Tech,Are You A Recruiter Looking To Transition Your Career To Become Data Analyst,Canada,6 days ago,Remote,Full-time,Associate
Aston Carter,Franchise Data Analyst,"Toronto, ON",4 hours ago,Hybrid,,Entry Level
Sobeys,Retail Insights Data Specialist,"Stellarton, NS",1 week ago,Hybrid,Full-time,Mid-Senior Level
Campus4Tech,Are You A Risk Manager Looking To Transition Your Career To Become Data Analyst,Canada,4 days ago,Remote,Full-time,Mid-Senior Level
Outlier,AI Math Analyst,"Newmarket, ON",3 days ago,Remote,Full-time,Mid-Senior Level
Campus4Tech,Are You A Maintenance Technician Looking To Transition Your Career To Become Data Analyst,Canada,5 days ago,Remote,Full-time,Associate
Sobeys,"Analyst Business Intelligence, Contract","Stellarton, NS",4 days ago,Hybrid,,Entry Level
Outlier,AI Math Analyst,"Vaughan, ON",2 weeks ago,Remote,Full-time,
TELUS Digital AI Data Solutions,Online Data Analyst,"Ontario, Canada",2 weeks ago,Remote,Part-time,Entry Level
TELUS Digital AI Data Solutions,Online Data Analyst,"Winnipeg, MB",2 days ago,Remote,Part-time,Entry Level
TELUS Digital,Online Data Analyst,"Clarence-Rockland, ON",1 week ago,Remote,,Entry Level
TELUS Digital AI Data Solutions,Online Data Analyst,Canada,2 days ago,Remote,Part-time,Entry Level
TELUS Digital AI Data Solutions,Online Data Analyst,"Corner Brook, NL",2 days ago,Remote,Part-time,Entry Level
TELUS Digital,Online Data Analyst,"Rouyn-Noranda, QC",2 weeks ago,Remote,,Entry Level
Campus4Tech,Are You A Quality Control Inspector Looking To Transition Your Career To Become Data Analyst,Canada,3 days ago,Remote,Full-time,Associate
Sobeys,"Analyst Business Intelligence, Contract","Calgary, AB",4 days ago,Hybrid,,Entry Level
Outlier,AI Math Analyst,"Caledon, ON",2 weeks ago,Remote,Full-time,Mid-Senior Level
Outlier,Work from Home - AI Math Analyst,"Clarington, ON",3 days ago,Remote,Full-time,Mid-Senior Level
TELUS Digital,Online Data Analyst,"Saint-Eustache, QC",2 weeks ago,Remote,,Entry Level
Outlier,AI Math Analyst,"Burlington, ON",2 weeks ago,Remote,Full-time,Mid-Senior Level
TELUS Digital,Online Data Analyst,"Terrebonne, QC",2 weeks ago,Remote,,Entry Level
HireKeyz Inc,Power BI (Expert),"Montreal, QC",3 months ago,On-site,,
Outlier,AI Math Analyst,"Richmond Hill, ON",3 days ago,Remote,Full-time,Mid-Senior Level
Affirm,"Analyst I, Growth Analytics","Edmonton, AB",Reposted 2 weeks ago,Remote,Full-time,Associate
AstraZeneca,Senior Statistician,"Mississauga, ON",21 hours ago,,Full-time,Associate
Affirm,"Analyst I, Growth Analytics","Winnipeg, MB",Reposted 2 weeks ago,Remote,Full-time,Associate
"Varsity Tutors, a Nerdy Company",Remote Econometrics Tutor,"Sherbrooke, QC",Reposted 5 days ago,Remote,Full-time,Entry Level
Affirm,"Analyst II, Forecasting Analytics","Toronto, ON",1 week ago,Remote,Full-time,Associate
"Varsity Tutors, a Nerdy Company",Remote Data Analysis Tutor,"Kitchener, ON",Reposted 5 days ago,Remote,Full-time,Entry Level
Affirm,"Analyst II, Forecasting Analytics","Windsor, ON",Reposted 1 week ago,Remote,Full-time,Associate
Zendesk,"Senior Analyst, Enterprise Analytics","Toronto, ON",Reposted 2 weeks ago,Remote,Full-time,Mid-Senior Level
University of Notre Dame,Postdoctoral Research Fellow Position: Health Equity Data Lab,"Notre Dame, NB",Reposted 1 week ago,On-site,Full-time,
Sobeys,"Senior Financial Analyst, Sourcing & Analytics","Stellarton, NS",2 weeks ago,Hybrid,Full-time,Mid-Senior Level
TELUS Digital AI Data Solutions,Online Data Analyst,"White Rock, BC",6 hours ago,Remote,Part-time,Entry Level
TELUS Digital AI Data Solutions,Online Data Analyst,"Ontario, Canada",6 hours ago,Remote,Part-time,Entry Level
TELUS Digital AI Data Solutions,Online Data Analyst,"Manitoba, Canada",2 weeks ago,Remote,Part-time,Entry Level
TELUS Digital AI Data Solutions,Online Data Analyst,"Winkler, MB",6 hours ago,Remote,Part-time,Entry Level
Outlier,AI Math Analyst,"Ajax, ON",2 weeks ago,Remote,Full-time,Mid-Senior Level
Outlier,AI Math Analyst,"Oakville, ON",2 weeks ago,Remote,Full-time,Mid-Senior Level
Outlier,AI Math Analyst,"Aurora, ON",2 weeks ago,Remote,Full-time,Mid-Senior Level
Outlier,AI Math Analyst,"Clarington, ON",3 days ago,Remote,Full-time,
TELUS Digital,Online Data Analyst,"Victoriaville, QC",2 weeks ago,Remote,,Entry Level
TELUS Digital,Online Data Analyst,"St-Hyacinthe, QC",2 weeks ago,Remote,,Entry Level
TELUS Digital,Online Data Analyst,"Thérèse-De Blainville Regional County Municipality, QC",1 week ago,Remote,,Entry Level
TELUS Digital,Online Data Analyst,"Laprairie, QC",2 weeks ago,Remote,,Entry Level
Affirm,"Analyst II, Forecasting Analytics","Kitchener, ON",Reposted 1 week ago,Remote,Full-time,Associate
Affirm,"Analyst I, Growth Analytics","Regina, SK",Reposted 2 weeks ago,Remote,Full-time,Associate
Affirm,"Analyst II, Forecasting Analytics","Oshawa, ON",Reposted 1 week ago,Remote,Full-time,Associate
Affirm,"Analyst II, Forecasting Analytics","Hamilton, ON",Reposted 1 week ago,Remote,Full-time,Associate
"Varsity Tutors, a Nerdy Company",Remote Data Analysis Tutor,"Nova Scotia, Canada",Reposted 5 days ago,Remote,Full-time,Entry Level
CIBC,"Senior Analyst, Performance Analytics - Montreal - Bilingual","Montreal, QC",2 weeks ago,,Full-time,Mid-Senior Level
"Varsity Tutors, a Nerdy Company",Remote Data Analysis Tutor,"Sherbrooke, QC",Reposted 5 days ago,Remote,Full-time,Entry Level
Sobeys,Retail Insights Data Specialist,"Calgary, AB",1 week ago,Hybrid,Full-time,Mid-Senior Level
Scotiabank - Global Banking and Markets,Senior Analyst Financial Analytics & Business Intelligence- International Banking Finance (6 month),"Toronto, ON",5 days ago,On-site,,Mid-Senior Level
Sobeys,Retail Insights Data Specialist,"Dartmouth, NS",1 week ago,Hybrid,Full-time,
"Varsity Tutors, a Nerdy Company",Remote Data Analysis Tutor,Greater Trois-Rivieres Metropolitan Area,Reposted 5 days ago,Remote,Full-time,Entry Level
"Varsity Tutors, a Nerdy Company",Remote Data Analysis Tutor,"Vancouver, BC",Reposted 5 days ago,Remote,Full-time,Entry Level
2iSolutions Inc.,Business Intelligence Specialist - Senior,"Ontario, Canada",7 hours ago,Hybrid,,Entry Level
"GEI Consultants, Inc.",Asset Management Consultant and Data Analyst,"Guelph, ON",1 month ago,On-site,,Entry Level
TELUS Digital AI Data Solutions,Online Data Analyst,"Ottawa, ON",2 weeks ago,Remote,Part-time,Entry Level
Outlier,AI Math Analyst,"Niagara Falls, ON",3 days ago,Remote,Full-time,Mid-Senior Level
Outlier,AI Math Analyst,"Norfolk County, ON",3 days ago,Remote,Full-time,Mid-Senior Level
TELUS Digital AI Data Solutions,Online Data Analyst,"Québec, QC",3 weeks ago,Remote,Part-time,Entry Level
TELUS Digital AI Data Solutions,Online Data Analyst,"Quebec, Canada",3 weeks ago,Remote,Part-time,Entry Level
TELUS Digital AI Data Solutions,Online Data Analyst,"Blainville, QC",3 weeks ago,Remote,Part-time,Entry Level
TELUS Digital,Online Data Analyst,"Beloeil, QC",2 weeks ago,Remote,,Entry Level
Outlier,AI Math Analyst,"Kawartha Lakes, ON",3 days ago,Remote,Full-time,Mid-Senior Level
TELUS Digital,Online Data Analyst,"Sorel-Tracy, QC",2 weeks ago,Remote,,Entry Level
TELUS Digital,Online Data Analyst,"Brossard, QC",2 weeks ago,Remote,,
TELUS Digital,Online Data Analyst,"Magog, QC",2 weeks ago,Remote,,Entry Level
Outlier,AI Math Analyst,"Belleville, ON",2 weeks ago,Remote,Full-time,Mid-Senior Level
Affirm,"Analyst I, Growth Analytics","Calgary, AB",Reposted 2 weeks ago,Remote,Full-time,Associate
Affirm,"Analyst I, Growth Analytics","Queens, PE",Reposted 2 weeks ago,Remote,Full-time,Associate
Affirm,"Analyst II, Forecasting Analytics","London, ON",Reposted 1 week ago,Remote,Full-time,Associate
Affirm,"Analyst I, Growth Analytics","Victoria, BC",Reposted 2 weeks ago,Remote,Full-time,Associate
Desjardins,"Analyst, Data valorization- EN","Montreal, QC",1 week ago,Hybrid,Full-time,Mid-Senior Level
"Varsity Tutors, a Nerdy Company",Remote Data Analysis Tutor,"Montreal, QC",Reposted 5 days ago,Remote,Full-time,Entry Level
Capgemini,Applications Consultant 2 - BI Senior Consultant,"Toronto, ON",18 hours ago,Hybrid,Full-time,Mid-Senior Level
Humber River Health,Senior Clinical Analyst,"Greater Toronto Area, Canada",3 weeks ago,On-site,Full-time,Mid-Senior Level
eStaffing Inc.,"As A Finance Coordinator, Are You Considering Pivoting Your Career To Data Analyst","Alberta, Canada",13 hours ago,Remote,Full-time,
eStaffing Inc.,Are You An Auditing Clerk Looking To Transition Your Career To Become Data Analyst,"Alberta, Canada",13 hours ago,Remote,Full-time,
AMANST Inc.,Business Intelligence Specialist - Senior,"Toronto, ON",2 days ago,Hybrid,,Entry Level
iGaming Ontario,"Senior Analyst, Market Insights","North York, ON",1 week ago,Hybrid,Full-time,
"GEI Consultants, Inc.",Asset Management Consultant and Data Analyst,"Stoney Creek, ON",6 months ago,On-site,,Entry Level
TELUS Digital AI Data Solutions,Online Data Analyst,"Ottawa, ON",1 week ago,Remote,Part-time,Entry Level
TD,Analyste en Intelligence d'Affaire,"Toronto, ON",3 weeks ago,Hybrid,Full-time,Entry Level
TELUS Digital AI Data Solutions,Online Data Analyst,Greater Quebec City Metropolitan Area,2 weeks ago,Remote,Part-time,Entry Level
TELUS Digital AI Data Solutions,Online Data Analyst,"Lanaudière, QC",2 weeks ago,Remote,Part-time,Entry Level
TELUS Digital AI Data Solutions,Online Data Analyst,"Les Laurentides Regional County Municipality, QC",2 weeks ago,Remote,Part-time,Entry Level
TELUS Digital,Online Data Analyst,"Quebec City metropolitan community, QC",1 week ago,Remote,,Entry Level
TELUS Digital,Online Data Analyst,"Vaudreuil-Soulanges Regional County Municipality, QC",1 week ago,Remote,,Entry Level
Outlier,AI Math Analyst,"Kingston, ON",3 days ago,Remote,Full-time,Mid-Senior Level
Outlier,AI Math Analyst,"Thunder Bay, ON",3 days ago,Remote,Full-time,Mid-Senior Level
TELUS Digital,Online Data Analyst Canada (French Language),Canada,Reposted 2 weeks ago,Remote,Part-time,Entry Level
TELUS Digital,Online Data Analyst,"Roussillon Regional County Municipality, QC",1 week ago,Remote,,Entry Level
Affirm,"Analyst I, Growth Analytics","Saskatoon, SK",Reposted 2 weeks ago,Remote,Full-time,Associate
Affirm,"Analyst II, Forecasting Analytics","Ottawa, ON",Reposted 1 week ago,Remote,Full-time,Associate
Outlier,AI Math Analyst,"Chatham-Kent, ON",3 days ago,Remote,Full-time,Mid-Senior Level
Career Renew,Senior Researcher - Crypto,Canada,1 month ago,Remote,Full-time,Mid-Senior Level
Affirm,"Analyst II, Forecasting Analytics","Queens, PE",Reposted 1 week ago,Remote,Full-time,Associate
Affirm,"Analyst II, Forecasting Analytics","Winnipeg, MB",Reposted 1 week ago,Remote,Full-time,Associate
Outlier,AI Math Analyst,"Greater Sudbury, ON",3 days ago,Remote,Full-time,Mid-Senior Level
J&M Group,BUSINESS ANALYST MAINFRAME SAS,"Toronto, ON",3 months ago,On-site,,Entry Level
eStaffing Inc.,Are You A Material Handler Looking To Transition Your Career To Become Data Analyst,"Alberta, Canada",1 week ago,Remote,Full-time,
Tiger Analytics,Sr Consultant/ Manager - Analytics Consulting (Healthcare),"Toronto, ON",2 months ago,Remote,Full-time,Mid-Senior Level
eStaffing Inc.,Are You A Program Assistant Looking To Transition Your Career To Become Data Analyst,"Alberta, Canada",3 days ago,Remote,Full-time,
eStaffing Inc.,Are You A Receptionist Looking To Transition Your Career To Become Data Analyst,"Alberta, Canada",4 days ago,Remote,Full-time,
KPMG Canada,"Senior Consultant, Financial Crimes Models & Analytics","Toronto, ON",5 days ago,On-site,Full-time,Mid-Senior Level
TELUS Digital AI Data Solutions,Online Data Analyst,"Nunavut, Canada",2 weeks ago,Remote,Part-time,Entry Level
TELUS Digital AI Data Solutions,Online Data Analyst,"Québec, QC",1 week ago,Remote,Part-time,Entry Level
TELUS Digital AI Data Solutions,Online Data Analyst,"Newfoundland and Labrador, Canada",2 weeks ago,Remote,Part-time,Entry Level
TELUS Digital AI Data Solutions,Online Data Analyst,"Nova Scotia, Canada",2 weeks ago,Remote,Part-time,Entry Level
TELUS Digital,Online Data Analyst,"Vaudreuil-Soulanges Regional County Municipality, QC",1 week ago,Remote,,Entry Level
Affirm,"Analyst II, Forecasting Analytics","Saskatoon, SK",Reposted 1 week ago,Remote,Full-time,Associate
Affirm,"Analyst II, Forecasting Analytics",Greater St. John's Metropolitan Area,Reposted 1 week ago,Remote,Full-time,Associate
Affirm,"Analyst I, Growth Analytics","Kelowna, BC",Reposted 2 weeks ago,Remote,Full-time,Associate
Outlier,Work from Home - AI Math Analyst,"Grande Prairie, AB",2 weeks ago,Remote,Full-time,Mid-Senior Level
Affirm,"Analyst I, Growth Analytics","Halifax, NS",Reposted 2 weeks ago,Remote,Full-time,Associate
Outlier,Work from Home - AI Math Analyst,"Saint John, NB",2 weeks ago,Remote,Full-time,Mid-Senior Level
Outlier,Work from Home - AI Math Analyst,"Kelowna, BC",2 weeks ago,Remote,Full-time,
Outlier,Work from Home - AI Math Analyst,"Montreal, QC",3 days ago,Remote,Full-time,Mid-Senior Level
J&M Group,SAS On Prem Analyst,"Mississauga, ON",7 months ago,On-site,,Entry Level
TekStaff IT Solutions,"Senior Data Analyst, SLC Data Platform","Waterloo, ON",8 hours ago,On-site,Full-time,Entry Level
Norbec,Spécialiste BI & analyste de données,"Boucherville, QC",Reposted 1 week ago,Hybrid,Full-time,
CGS Federal (Contact Government Services),Systems Analyst (Data Analytics),"Yellowstone, AB",1 month ago,Hybrid,Full-time,
Bevertec,Business Intelligence Specialists – Senior,"Toronto, ON",3 days ago,Hybrid,,Mid-Senior Level
Canadian Nuclear Laboratories,Senior Information Analyst,"Chalk River, ON",1 week ago,Remote,Full-time,Mid-Senior Level
Altitude-sports.com,Analyste en intelligence d'affaires | Business Intelligence Analyst,"Montreal, QC",Reposted 1 month ago,Remote,Part-time,Entry Level
LexisNexis,Senior Data Scientist I,"Toronto, ON",2 months ago,On-site,Full-time,Mid-Senior Level
Capgemini,Applications Consultant 2 - BI Senior Consultant,"Ontario, Canada",1 day ago,Hybrid,Full-time,Mid-Senior Level
Keurig Dr Pepper Inc.,"Analyste, Intelligence consommateurs | Consumer Insights Analyst","Montreal, QC",3 weeks ago,Hybrid,Full-time,
Nuvoola AI,BI Specialist,"Québec, QC",1 year ago,Remote,Full-time,Mid-Senior Level
Extendicare,Sr. HR Systems Analyst (Workday Payroll),"Markham, ON",5 days ago,Hybrid,Full-time,Mid-Senior Level
Desjardins,Analyste en valorisation de données - FR,"Montreal, QC",19 hours ago,Hybrid,Full-time,
Vancouver Airport Authority,Senior Technical Analyst – Business Intelligence Developer,"West Vancouver, BC",1 month ago,On-site,Full-time,Mid-Senior Level
Vancouver Airport Authority,Senior Technical Analyst – Business Intelligence Developer,"New Westminster, BC",1 month ago,On-site,Full-time,Mid-Senior Level
tsworks,Lead Data Analyst / Power BI,"Vancouver, BC",1 month ago,Hybrid,Full-time,Mid-Senior Level
Vancouver Airport Authority,Senior Technical Analyst – Business Intelligence Developer,"Richmond, BC",1 month ago,On-site,Full-time,Mid-Senior Level
Fraser Health Authority,"Evaluation Analyst, Mental Health & Substance Use Services (MH&SUS)","New Westminster, BC",1 month ago,On-site,Full-time,Entry Level
Benchmark Recruitment,Senior Technical Analyst - BI Developer,"Richmond, BC",1 month ago,Hybrid,Full-time,Mid-Senior Level
Syneos Health,Infirmier.ère analyste de données de sécurité,Greater Quebec City Metropolitan Area,3 weeks ago,On-site,Full-time,Mid-Senior Level
Benchmark Recruitment,"Seniorr Digital Analyst, Web Analytics & Paid Media","Vancouver, BC",2 weeks ago,Hybrid,,Mid-Senior Level
Humankind Global Recruitment,Research & Consumer Insights Senior Specialist (1 Year Contract),"Halifax, NS",5 days ago,Hybrid,,Mid-Senior Level
Pharmascience,Expert Analyst,"Candiac, QC",3 weeks ago,On-site,Full-time,
Vancouver Airport Authority,Senior Technical Analyst – Business Intelligence Developer,"Surrey, BC",3 months ago,On-site,Full-time,Mid-Senior Level
Baycrest,Senior Biostatistician,"Toronto, ON",2 weeks ago,On-site,Full-time,Mid-Senior Level
Croix Bleue du Québec,Analyste de données en intelligence d'affaires,"Montreal, QC",Reposted 3 weeks ago,Remote,Full-time,
Canadian Armed Forces | Forces armées canadiennes,Intelligence Officer,"Oromocto, NB",Reposted 3 weeks ago,,Full-time,
Ubisoft,Analyste de Données Senior,"Montreal, QC",5 days ago,On-site,Full-time,Mid-Senior Level
Vancouver Airport Authority,Senior Technical Analyst – Business Intelligence Developer,"Delta, BC",1 month ago,On-site,Full-time,Mid-Senior Level
Ubisoft,"Analyste Senior, Live Analytics","Montreal, QC",5 days ago,On-site,Full-time,Mid-Senior Level
Altea Healthcare,Senior Data Analyst,"Burnaby, BC",1 week ago,On-site,Full-time,Associate
BrokerLink,Senior Analytics Consultant,"Calgary, AB",Reposted 1 month ago,On-site,Full-time,Mid-Senior Level
Northeastern University,Part-Time Lecturer – Applied Machine Intelligence (Vancouver),"Vancouver, BC",1 year ago,On-site,Part-time,Entry Level
Université du Québec en Outaouais,24-07-039 Agente ou agent de recherche à l'analyse des données institutionnelles au Rectorat,"Gatineau, QC",1 week ago,On-site,Full-time,Mid-Senior Level
Emmes,Senior Biostatistician,"Vancouver, BC",1 week ago,Remote,Full-time,Mid-Senior Level
Provincial Health Services Authority,Research - Senior Methodologist - BC Cancer Research Institute - Vancouver,"Vancouver, BC",4 months ago,Hybrid,Full-time,Mid-Senior Level
Desjardins,Analyste en valorisation de données - FR,"Montreal, QC",19 hours ago,Hybrid,Full-time,
Vancouver Airport Authority,Senior Technical Analyst – Business Intelligence Developer,"West Vancouver, BC",1 month ago,On-site,Full-time,Mid-Senior Level
Vancouver Airport Authority,Senior Technical Analyst – Business Intelligence Developer,"New Westminster, BC",1 month ago,On-site,Full-time,Mid-Senior Level
tsworks,Lead Data Analyst / Power BI,"Vancouver, BC",1 month ago,Hybrid,Full-time,
Vancouver Airport Authority,Senior Technical Analyst – Business Intelligence Developer,"Richmond, BC",1 month ago,On-site,Full-time,Mid-Senior Level
Fraser Health Authority,"Evaluation Analyst, Mental Health & Substance Use Services (MH&SUS)","New Westminster, BC",1 month ago,On-site,Full-time,Entry Level
Benchmark Recruitment,Senior Technical Analyst - BI Developer,"Richmond, BC",1 month ago,Hybrid,Full-time,Mid-Senior Level
Syneos Health,Infirmier.ère analyste de données de sécurité,Greater Quebec City Metropolitan Area,3 weeks ago,On-site,Full-time,
Benchmark Recruitment,"Seniorr Digital Analyst, Web Analytics & Paid Media","Vancouver, BC",2 weeks ago,Hybrid,,Mid-Senior Level
Humankind Global Recruitment,Research & Consumer Insights Senior Specialist (1 Year Contract),"Halifax, NS",5 days ago,Hybrid,,Mid-Senior Level
Pharmascience,Expert Analyst,"Candiac, QC",3 weeks ago,On-site,Full-time,
Vancouver Airport Authority,Senior Technical Analyst – Business Intelligence Developer,"Surrey, BC",3 months ago,On-site,Full-time,Mid-Senior Level
Baycrest,Senior Biostatistician,"Toronto, ON",2 weeks ago,On-site,Full-time,Mid-Senior Level
Croix Bleue du Québec,Analyste de données en intelligence d'affaires,"Montreal, QC",Reposted 3 weeks ago,Remote,Full-time,
Canadian Armed Forces | Forces armées canadiennes,Intelligence Officer,"Oromocto, NB",Reposted 3 weeks ago,,Full-time,Mid-Senior Level
Ubisoft,Analyste de Données Senior,"Montreal, QC",5 days ago,On-site,Full-time,Mid-Senior Level
Vancouver Airport Authority,Senior Technical Analyst – Business Intelligence Developer,"Delta, BC",1 month ago,On-site,Full-time,Mid-Senior Level
Ubisoft,"Analyste Senior, Live Analytics","Montreal, QC",5 days ago,On-site,Full-time,Mid-Senior Level
Altea Healthcare,Senior Data Analyst,"Burnaby, BC",1 week ago,On-site,Full-time,Associate
BrokerLink,Senior Analytics Consultant,"Calgary, AB",Reposted 1 month ago,On-site,Full-time,Mid-Senior Level
Northeastern University,Part-Time Lecturer – Applied Machine Intelligence (Vancouver),"Vancouver, BC",1 year ago,On-site,Part-time,Entry Level
Université du Québec en Outaouais,24-07-039 Agente ou agent de recherche à l'analyse des données institutionnelles au Rectorat,"Gatineau, QC",1 week ago,On-site,Full-time,
Emmes,Senior Biostatistician,"Vancouver, BC",1 week ago,Remote,Full-time,Mid-Senior Level
Provincial Health Services Authority,Research - Senior Methodologist - BC Cancer Research Institute - Vancouver,"Vancouver, BC",4 months ago,Hybrid,Full-time,Mid-Senior Level
Desjardins,Analyste en valorisation de données - FR,"Montreal, QC",19 hours ago,Hybrid,Full-time,Mid-Senior Level
Vancouver Airport Authority,Senior Technical Analyst – Business Intelligence Developer,"West Vancouver, BC",1 month ago,On-site,Full-time,Mid-Senior Level
Vancouver Airport Authority,Senior Technical Analyst – Business Intelligence Developer,"New Westminster, BC",1 month ago,On-site,Full-time,Mid-Senior Level
tsworks,Lead Data Analyst / Power BI,"Vancouver, BC",1 month ago,Hybrid,Full-time,
Vancouver Airport Authority,Senior Technical Analyst – Business Intelligence Developer,"Richmond, BC",1 month ago,On-site,Full-time,Mid-Senior Level
Fraser Health Authority,"Evaluation Analyst, Mental Health & Substance Use Services (MH&SUS)","New Westminster, BC",1 month ago,On-site,Full-time,Entry Level
Benchmark Recruitment,Senior Technical Analyst - BI Developer,"Richmond, BC",1 month ago,Hybrid,Full-time,Mid-Senior Level
Syneos Health,Infirmier.ère analyste de données de sécurité,Greater Quebec City Metropolitan Area,3 weeks ago,On-site,Full-time,Mid-Senior Level
Benchmark Recruitment,"Seniorr Digital Analyst, Web Analytics & Paid Media","Vancouver, BC",2 weeks ago,Hybrid,,Mid-Senior Level
Humankind Global Recruitment,Research & Consumer Insights Senior Specialist (1 Year Contract),"Halifax, NS",5 days ago,Hybrid,,Mid-Senior Level
Pharmascience,Expert Analyst,"Candiac, QC",3 weeks ago,On-site,Full-time,
Vancouver Airport Authority,Senior Technical Analyst – Business Intelligence Developer,"Surrey, BC",3 months ago,On-site,Full-time,Mid-Senior Level
Baycrest,Senior Biostatistician,"Toronto, ON",2 weeks ago,On-site,Full-time,Mid-Senior Level
Croix Bleue du Québec,Analyste de données en intelligence d'affaires,"Montreal, QC",Reposted 3 weeks ago,Remote,Full-time,
Canadian Armed Forces | Forces armées canadiennes,Intelligence Officer,"Oromocto, NB",Reposted 3 weeks ago,,Full-time,Mid-Senior Level
Ubisoft,Analyste de Données Senior,"Montreal, QC",5 days ago,On-site,Full-time,Mid-Senior Level
Vancouver Airport Authority,Senior Technical Analyst – Business Intelligence Developer,"Delta, BC",1 month ago,On-site,Full-time,Mid-Senior Level
Ubisoft,"Analyste Senior, Live Analytics","Montreal, QC",5 days ago,On-site,Full-time,Mid-Senior Level
Altea Healthcare,Senior Data Analyst,"Burnaby, BC",1 week ago,On-site,Full-time,Associate
BrokerLink,Senior Analytics Consultant,"Calgary, AB",Reposted 1 month ago,On-site,Full-time,Mid-Senior Level
Northeastern University,Part-Time Lecturer – Applied Machine Intelligence (Vancouver),"Vancouver, BC",1 year ago,On-site,Part-time,Entry Level
Université du Québec en Outaouais,24-07-039 Agente ou agent de recherche à l'analyse des données institutionnelles au Rectorat,"Gatineau, QC",1 week ago,On-site,Full-time,
Emmes,Senior Biostatistician,"Vancouver, BC",1 week ago,Remote,Full-time,Mid-Senior Level
Provincial Health Services Authority,Research - Senior Methodologist - BC Cancer Research Institute - Vancouver,"Vancouver, BC",4 months ago,Hybrid,Full-time,Mid-Senior Level
Northeastern University,Part-Time Lecturer – Applied Machine Intelligence (Vancouver),"Vancouver, BC",1 year ago,On-site,Part-time,Entry Level
Université du Québec en Outaouais,24-07-039 Agente ou agent de recherche à l'analyse des données institutionnelles au Rectorat,"Gatineau, QC",1 week ago,On-site,Full-time,
Emmes,Senior Biostatistician,"Vancouver, BC",1 week ago,Remote,Full-time,Mid-Senior Level
Provincial Health Services Authority,Research - Senior Methodologist - BC Cancer Research Institute - Vancouver,"Vancouver, BC",4 months ago,Hybrid,Full-time,Mid-Senior Level
